Player,Position,TeamId,DateOfBirth,Height,Weight,College,YearsPlayed
Budda Baker,DB,1,1/10/1996,70,195,Washington,9
Dadrion Taylor-Demerson,DB,1,1/20/2001,70,197,Texas Tech,2
Darren Hall,DB,1,5/2/2000,72,190,San Diego State,4
Denzel Burke,DB,1,11/10/2002,71,190,Ohio State,0
Ekow Boye-Doe,DB,1,11/4/1999,72,177,Kansas State,2
Elijah Jones,DB,1,1/8/2000,73,185,Boston College,2
Garrett Williams,DB,1,6/1/2001,70,192,Syracuse,3
Jaden Davis,DB,1,7/18/2001,70,182,Miami; Oklahoma,1
Jalen Thompson,DB,1,7/18/1998,71,190,Washington State,7
Joey Blount,DB,1,11/16/1998,73,195,Virginia,4
Kei'Trel Clark,DB,1,3/19/2001,70,181,Louisville,3
Kitan Crawford,DB,1,12/31/2001,71,202,Nevada; Texas,0
Max Melton,DB,1,4/15/2002,71,187,Rutgers,2
Sean Murphy-Bunting,DB,1,6/19/1997,72,195,Central Michigan,7
Starling Thomas V,DB,1,1/25/2000,70,194,UAB,3
Steven Gilmore,DB,1,9/17/1999,72,174,Marshall,0
Will Johnson,DB,1,3/29/2003,74,200,Michigan,0
Bilal Nichols,DL,1,9/14/1996,75,313,Delaware,8
Calais Campbell,DL,1,9/1/1986,80,315,Miami,18
Dalvin Tomlinson,DL,1,2/18/1994,75,335,Alabama,9
Dante Stills,DL,1,12/14/1999,76,300,West Virginia,3
Darius Robinson,DL,1,9/13/2001,77,285,Missouri,2
Denzel Daxon,DL,1,3/27/1999,74,313,Illinois; Ohio,1
Justin Jones,DL,1,8/28/1996,75,309,N.C. State,8
Kyon Barrs,DL,1,11/9/2001,74,290,USC,1
L.J. Collier,DL,1,9/12/1995,74,300,TCU,7
PJ Mustipher,DL,1,11/10/1998,76,318,Penn State,1
Walter Nolen,DL,1,10/14/2003,76,296,Mississippi; Texas A&M,0
Chad Ryland,K,1,10/15/1999,72,195,Maryland; Eastern Michigan,3
Akeem Davis-Gaither,LB,1,9/21/1997,74,238,Appalachian State,6
BJ Ojulari,LB,1,4/5/2002,74,248,LSU,3
Baron Browning,LB,1,2/19/1999,75,255,Ohio State,5
Cody Simon,LB,1,4/1/2002,74,229,Ohio State,0
Elliott Brown,LB,1,2/2/1998,77,240,Virginia,0
J.J. Russell,LB,1,10/12/1998,73,225,Memphis,4
Jared Bartlett,LB,1,4/1/2001,74,237,Cincinnati; West Virginia,0
Jordan Burch,LB,1,10/10/2001,76,279,Oregon; South Carolina,0
Josh Sweat,LB,1,3/29/1997,77,265,Florida State,8
Mack Wilson,LB,1,2/14/1998,73,240,Alabama,7
Owen Pappoe,LB,1,9/29/2000,72,230,Auburn,3
Vi Jones,LB,1,5/5/1998,74,225,N.C. State,2
Zaven Collins,LB,1,5/19/1999,76,270,Tulsa,5
Aaron Brewer,LS,1,7/5/1990,77,232,San Diego State,14
Christian Jones,OL,1,5/12/2000,77,305,Texas,2
Demontrey Jacobs,OL,1,11/22/1998,78,315,South Florida Community College; Grambling State,2
Dohnovan West,OL,1,,,,,
Evan Brown,OL,1,9/16/1996,75,320,SMU,7
Hayden Conner,OL,1,4/26/2002,78,314,Texas,0
Hjalte Froholdt,OL,1,8/20/1996,77,310,Arkansas,7
Isaiah Adams,OL,1,7/21/2000,76,316,Illinois; Garden City CC,2
Jon Gaines II,OL,1,5/24/1999,76,315,UCLA,3
Jonah Williams,OL,1,11/17/1997,77,312,Alabama,7
Josh Fryar,OL,1,2/12/2002,77,320,Ohio State,0
Kelvin Beachum,OL,1,6/8/1989,75,308,SMU,14
Paris Johnson Jr.,OL,1,7/3/2001,78,325,Ohio State,3
Sincere Haynesworth,OL,1,4/13/2001,73,310,Tulane,0
Valentin Senn,OL,1,4/23/2000,79,310,Connecticut; Colorado,0
Will Hernandez,OL,1,9/2/1995,75,332,Texas-El Paso,8
Blake Gillikin,P,1,1/21/1998,74,196,Penn State,6
Matt Haack,P,1,7/25/1994,72,205,Arizona State,7
Pat O'Donnell,P,1,2/22/1991,76,220,Miami; Cincinnati,11
Jacoby Brissett,QB,1,12/11/1992,76,235,N.C. State; Florida,10
Kedon Slovis,QB,1,4/11/2001,74,223,BYU; Pittsburgh; USC,1
Kyler Murray,QB,1,8/7/1997,70,207,Oklahoma; Texas A&M,7
Bam Knight,RB,1,4/11/2001,71,209,N.C. State,3
Emari Demercado,RB,1,1/20/1999,69,215,TCU,3
James Conner,RB,1,5/5/1995,73,233,Pittsburgh,9
Michael Carter,RB,1,5/7/1999,68,201,North Carolina,4
Trey Benson,RB,1,7/23/2002,72,220,Florida State; Oregon,2
Elijah Higgins,TE,1,10/27/2000,75,245,Stanford,3
Josiah Deguara,TE,1,2/14/1997,74,240,Cincinnati,5
Oscar Cardenas,TE,1,,,,,
Tip Reiman,TE,1,9/17/2001,77,271,Illinois,2
Travis Vokolek,TE,1,6/4/1998,78,260,Nebraska; Rutgers,2
Trey McBride,TE,1,11/22/1999,76,246,Colorado State,4
Andre Baccellia,WR,1,1/7/1997,70,175,Washington,2
Bryson Green,WR,1,12/30/2002,75,213,Wisconsin; Oklahoma State,0
Greg Dortch,WR,1,5/29/1998,67,180,Wake Forest,5
Marvin Harrison Jr.,WR,1,8/11/2002,75,220,Ohio State,2
Michael Wilson,WR,1,2/23/2000,74,213,Stanford,3
Nate McCollum,WR,1,,,,,
Simi Fehoko,WR,1,11/5/1997,76,218,Stanford,5
Tejhaun Palmer,WR,1,5/19/2000,74,210,UAB,1
Trishton Jackson,WR,1,3/9/1998,73,191,Syracuse,3
Xavier Weaver,WR,1,10/12/2000,73,185,Colorado; University of South Florida,2
Zay Jones,WR,1,3/30/1995,74,200,East Carolina,9
Patrick Jenkins,DL,1,8/20/2003,74,293,Tulane; TCU,0
D'Ernest Johnson,RB,1,2/27/1996,70,208,University of South Florida,7
Jalen Virgil,WR,1,7/13/1998,73,210,Appalachian State; UMass Amherst,4
Kalen King,DB,1,1/28/2003,71,190,Penn State,1
Jake Curhan,OL,1,2/9/1998,78,316,California,5
Montrell Johnson Jr.,RB,1,10/13/2002,71,217,Florida; Louisiana,0
Royce Newman,OL,1,8/17/1997,77,310,Mississippi,5
Jeremiah Byers,OL,1,3/23/2001,76,320,Florida State; Texas-El Paso,0
Nick Leverett,OL,1,11/11/1997,76,310,Rice; North Carolina Central,5
Rivaldo Fairweather,TE,1,7/19/2002,75,249,Auburn; Florida International,0
Jalen Brooks,WR,1,5/7/2000,73,203,South Carolina; Tarleton State; Wingate,3
Marques Cox,OL,1,12/28/1999,77,305,Kentucky; Northern Illinois,0
Sincere McCormick,RB,1,9/10/2000,69,205,Texas-San Antonio,3
Trent Sherfield,WR,1,2/26/1996,73,206,Vanderbilt,8
Messiah Swinson,TE,1,4/20/2000,79,259,Arizona State; Missouri,1
Tyler Cooper,OL,1,4/20/2001,78,310,Minnesota,0
Xavier Thomas,LB,1,12/20/1999,74,250,Clemson,2
Joshua Karty,K,1,3/7/2002,74,208,Stanford,2
Trey Wedig,OL,1,1/10/2002,79,319,Indiana; Wisconsin,0
Wyatt Bowles,OL,1,1/28/2000,77,300,Utah State,0
Nick Muse,TE,1,11/25/1998,77,252,South Carolina,3
Chigozie Anusiem,DB,1,11/5/2000,73,200,Colorado State; California,2
Zachary Carter,DL,1,4/7/1999,76,301,Florida,4
Jeff Driskel,QB,1,4/23/1993,76,231,Louisiana Tech; Florida,9
Channing Tindall,LB,1,3/28/2000,74,236,Georgia,4
Roy Mbaeteka,OL,1,2/13/2000,80,330,,1
Pharaoh Brown,TE,1,5/4/1994,77,246,Oregon,8
Austin Keys,LB,1,4/3/2002,74,244,Auburn; Mississippi,0
Corey Kiner,RB,1,1/21/2002,69,210,Cincinnati; LSU,0
Eku Leota,LB,1,5/11/1999,76,257,Auburn,2
Patrick McMorris,DB,1,10/18/2001,72,206,California; San Diego State,2
Anthony Goodlow,DL,1,7/25/2000,77,283,Oklahoma State,1
Logan Woodside,QB,1,1/27/1995,73,210,Toledo,5
Steven Sims,WR,1,3/31/1997,70,176,Kansas,5
Elijah Simmons,DL,1,7/26/2001,73,334,Tennessee,0
Benton Whitley,LB,1,2/12/1999,76,260,Holy Cross,4
Jermar Jefferson,RB,1,4/15/2000,70,215,Oregon State,2
A.J. Terrell,DB,2,9/23/1998,73,200,Clemson,6
Billy Bowman Jr.,DB,2,1/13/2003,70,194,Oklahoma,0
C.J. Henderson,DB,2,9/30/1998,73,204,Florida,6
Clark Phillips III,DB,2,12/19/2001,69,185,Utah,3
Cobee Bryant,DB,2,9/17/2001,72,180,Kansas,0
DeMarcco Hellams,DB,2,6/5/2000,73,203,Alabama,3
Dee Alford,DB,2,11/5/1997,71,180,Tusculum College,4
Grayland Arnold,DB,2,9/4/1997,70,187,Baylor,4
Henry Black,DB,2,1/3/1997,72,204,Baylor,3
Jessie Bates,DB,2,2/26/1997,73,210,Wake Forest,8
Jordan Fuller,DB,2,3/4/1998,74,203,Ohio State,6
Josh Thompson,DB,2,10/20/1998,72,194,Texas,2
Mike Ford,DB,2,8/4/1995,72,199,Southeast Missouri State,8
Mike Hughes,DB,2,2/11/1997,70,191,UCF; Garden City CC; North Carolina,8
Natrone Brooks,DB,2,12/17/1999,71,176,Southern Mississippi,2
Ronnie Harrison,DB,2,4/18/1997,75,207,Alabama,8
Xavier Watts,DB,2,11/22/2001,72,203,Notre Dame,0
Brandon Dorlus,DL,2,3/22/2001,75,295,Oregon,2
David Onyemata,DL,2,11/13/1992,76,310,Manitoba (Canada),10
Kentavius Street,DL,2,5/8/1996,74,315,N.C. State,7
Khalid Kareem,DL,2,4/28/1998,76,255,Notre Dame,4
LaCale London,DL,2,8/5/1997,75,297,Western Illinois,2
Leonard Floyd,DL,2,9/8/1992,75,240,Georgia,10
Ruke Orhorhoro,DL,2,10/13/2001,76,294,Clemson,2
Sam Roberts,DL,2,4/14/1998,77,295,NW Missouri State University,3
Zach Harrison,DL,2,8/14/2001,77,270,Ohio State,3
Lenny Krieg,K,2,3/8/2002,74,214,,0
Zane Gonzalez,K,2,5/7/1995,72,200,Arizona State,8
Arnold Ebiketie,LB,2,1/23/1999,74,250,Penn State,4
Bralen Trice,LB,2,2/26/2001,76,274,Washington,2
DeAngelo Malone,LB,2,7/12/1999,75,235,Western Kentucky,4
Divine Deablo,LB,2,8/17/1998,75,223,Virginia Tech,5
JD Bertrand,LB,2,5/5/2000,73,230,Notre Dame,2
Jalon Walker,LB,2,2/24/2004,74,245,Georgia,0
James Pearce Jr.,LB,2,10/12/2003,77,242,Tennessee,0
Josh Woods,LB,2,7/1/1996,73,235,Maryland,6
Kaden Elliss,LB,2,6/10/1995,74,240,Idaho,7
Malik Verdon,LB,2,10/31/2002,76,218,Iowa State,0
Nick Kubitz,LB,2,,,,,
Ronnie Harrison,LB,2,4/18/1997,75,207,Alabama,8
Ronnie Perkins,LB,2,9/29/1999,75,250,Oklahoma,4
Troy Andersen,LB,2,4/23/1999,76,245,Montana State,4
Liam McCullough,LS,2,6/5/1997,74,245,Ohio State,4
Carter Warren,OL,2,1/19/1999,77,311,Pittsburgh,3
Chris Lindstrom,OL,2,2/28/1997,76,310,Boston College,7
Elijah Wilkinson,OL,2,2/10/1995,78,310,UMass Amherst,9
Jack Nelson,OL,2,1/15/2002,79,314,Wisconsin,0
Jake Hanson,OL,2,4/29/1997,76,303,Oregon,4
Jake Matthews,OL,2,2/11/1992,77,309,Texas A&M,12
Jordan Williams,OL,2,,,,,
Joshua Gray,OL,2,3/13/2000,77,299,Oregon State,0
Jovaughn Gwyn,OL,2,3/18/1999,74,310,South Carolina,3
Kaleb McGary,OL,2,2/22/1995,78,330,Washington,7
Kyle Hinton,OL,2,2/27/1998,74,315,Washburn,3
Matthew Bergeron,OL,2,2/26/2000,77,315,Syracuse,3
Matthew Cindric,OL,2,8/2/1999,76,295,California,0
Michael Jerrell,OL,2,8/18/1999,77,309,Findlay,2
Ryan Hayes,OL,2,2/28/2000,78,303,Michigan,1
Ryan Neuzil,OL,2,7/31/1997,75,305,Appalachian State,4
Storm Norton,OL,2,5/16/1994,79,310,Toledo,6
Tyrone Wheatley Jr.,OL,2,2/4/1997,78,320,Stony Brook,2
Bradley Pinion,P,2,6/1/1994,77,265,Clemson,11
Trenton Gill,P,2,1/1/1999,76,219,N.C. State,4
Easton Stick,QB,2,9/9/1995,73,224,North Dakota State,6
Emory Jones,QB,2,4/29/2000,74,210,Cincinnati; Arizona State; Florida,1
Kirk Cousins,QB,2,8/19/1988,75,205,Michigan State,14
Michael Penix Jr.,QB,2,5/8/2000,75,220,Washington; Indiana,2
Bijan Robinson,RB,2,1/30/2002,71,215,Texas,3
Carlos Washington,RB,2,12/26/1998,71,210,Southeastern Louisiana,1
Elijah Dotson,RB,2,1/19/1999,69,202,Northern Colorado,2
Nate Carter,RB,2,5/22/2002,70,202,Michigan State; Connecticut,0
Tyler Allgeier,RB,2,4/15/2000,71,225,BYU,4
Charlie Woerner,TE,2,10/16/1997,77,250,Georgia,6
Feleipe Franks,TE,2,12/22/1997,78,241,Arkansas,3
Joshua Simon,TE,2,11/27/2000,76,240,South Carolina; Western Kentucky,0
Kyle Pitts,TE,2,10/6/2000,78,250,Florida,5
Teagan Quitoriano,TE,2,3/15/2000,78,259,Oregon State,4
Casey Washington,WR,2,3/6/2001,72,205,Illinois,2
Chris Blair,WR,2,10/6/1997,74,215,Alcorn State,2
Darnell Mooney,WR,2,10/29/1997,71,180,Tulane,6
David Sills,WR,2,5/29/1995,75,211,West Virginia,3
Deven Thompkins,WR,2,12/23/1999,68,155,Utah State,4
Drake London,WR,2,7/24/2001,76,215,USC,4
Dylan Drummond,WR,2,1/17/2000,72,190,Eastern Michigan,1
Jesse Matthews,WR,2,8/12/1999,72,190,San Diego State,2
KhaDarel Hodge,WR,2,1/3/1994,74,210,Prairie View A&M; Hinds CC; Alcorn State,8
Nick Nash,WR,2,7/8/1999,75,195,San Jose State,0
Quincy Skinner Jr.,WR,2,,,,,
Tysheem Johnson,DB,2,9/30/2002,70,195,Oregon; Mississippi,0
Andrew Stueber,OL,2,7/1/1999,79,338,Michigan,2
Simeon Barrow Jr.,DL,2,7/6/2002,75,290,Miami; Michigan State,0
Eugene Asante,LB,2,1/22/2000,73,222,Auburn; North Carolina,0
Ben DiNucci,QB,2,11/24/1996,75,209,James Madison,2
A.J. Woods,DB,2,3/28/2001,71,195,Pittsburgh,1
Jammie Robinson,DB,2,1/24/2001,71,195,Florida State,3
Malik Heath,WR,2,3/31/2000,74,213,Mississippi; Mississippi State,3
Keith Taylor,DB,2,5/3/1999,75,195,Washington,4
Ben Stille,DL,2,11/12/1997,76,296,Nebraska,3
John Parker Romo,K,2,8/24/1997,71,190,Virginia Tech; Central Arkansas,1
Jashaun Corbin,RB,2,8/20/2000,71,200,Florida State,2
Elijah Garcia,DL,2,3/11/1998,77,302,Rice,2
Younghoe Koo,K,2,8/3/1994,70,195,Georgia Southern,8
Ray-Ray McCloud,WR,2,10/15/1996,69,185,Clemson,8
Ben Sauls,K,2,7/31/2001,70,185,Pittsburgh,0
Ta'Quon Graham,DL,2,12/1/1998,76,300,Texas,5
Zach Triner,LS,2,1/30/1991,75,245,Assumption,7
Brandon Parker,OL,2,10/21/1995,80,320,North Carolina A&T,8
Raiqwon O'Neal,OL,2,1/12/2000,76,305,UCLA,2
Kyle Trask,QB,2,3/6/1998,77,236,Florida,5
Jamal Agnew,WR,2,4/3/1995,70,190,San Diego,9
K.J. Osborn,WR,2,6/10/1997,71,203,Miami; Buffalo,6
Ar'Darius Washington,DB,3,11/2/1999,68,180,TCU,4
Bilhal Kone,DB,3,3/3/2002,73,190,Western Michigan; Iowa Central CC-Eagle Grove,0
Chidobe Awuzie,DB,3,5/24/1995,72,202,Colorado,9
Desmond Igbinosun,DB,3,,,,,
Keondre Jackson,DB,3,5/2/2002,74,215,Illinois State,0
Keyon Martin,DB,3,5/16/2001,69,170,Louisiana-Lafayette; Youngstown State,0
Kyle Hamilton,DB,3,3/16/2001,76,218,Notre Dame,4
Malaki Starks,DB,3,11/13/2003,73,203,Georgia,0
Marlon Humphrey,DB,3,7/8/1996,72,210,Alabama,9
Marquise Robinson,DB,3,7/16/2002,73,192,Arkansas; South Alabama,0
Nate Wiggins,DB,3,8/28/2003,73,182,Clemson,2
Robert Longerbeam,DB,3,1/18/2001,71,175,Rutgers,0
T.J. Tampa,DB,3,3/13/2002,73,199,Iowa State,2
Thomas Graham Jr.,DB,3,6/26/1999,70,196,Oregon,3
Aeneas Peebles,DL,3,9/3/2001,72,289,Virginia Tech; Duke,0
Basil Okoye,DL,3,10/20/2001,78,370,,1
Brent Urban,DL,3,5/5/1991,79,309,Virginia,12
Broderick Washington,DL,3,12/4/1996,74,314,Texas Tech,6
Carl Lawson,DL,3,6/29/1995,74,265,Auburn,9
John Jenkins,DL,3,7/11/1989,75,360,Georgia; Gulf Coast CC; Mississippi,13
Kaimon Rucker,DL,3,2/28/2002,74,265,North Carolina,0
Michael Pierce,DL,3,11/6/1992,72,355,Samford; Tulane,8
Nnamdi Madubuike,DL,3,11/17/1997,75,305,Texas A&M,6
Travis Jones,DL,3,10/15/1999,76,341,Connecticut,4
Tyler Loop,K,3,8/4/2001,71,191,Arizona,0
Adisa Isaac,LB,3,10/4/2001,76,254,Penn State,2
Chandler Martin,LB,3,12/11/2002,72,230,Memphis; East Tennessee State,0
David Ojabo,LB,3,5/17/2000,76,252,Michigan,4
Jacob Hummel,LB,3,1/4/1999,73,235,Iowa State,4
Jay Higgins,LB,3,2/14/2002,72,230,Iowa,0
Kyle Van Noy,LB,3,3/26/1991,75,255,BYU,12
Malik Hamm,LB,3,8/26/2000,75,254,Lafayette College,3
Mike Green,LB,3,7/28/2003,75,250,Marshall; Virginia,0
Roquan Smith,LB,3,4/8/1997,73,235,Georgia,8
Tavius Robinson,LB,3,1/3/1999,78,262,Mississippi,3
Teddye Buchanan,LB,3,10/3/2002,74,240,California,0
Trenton Simpson,LB,3,6/14/2001,74,235,Clemson,3
William Kwenkeu,LB,3,1/8/1997,73,235,Temple,3
Nick Moore,LS,3,12/9/1992,74,260,Georgia,4
Andrew Vorhees,OL,3,1/21/1999,78,320,USC,2
Carson Vinson,OL,3,11/13/2001,79,321,Alabama A&M,0
Corey Bullock,OL,3,12/9/2001,75,320,Maryland; North Carolina Central,1
Daniel Faalele,OL,3,11/9/1999,80,370,Minnesota,4
Emery Jones Jr.,OL,3,3/5/2004,77,315,LSU,0
Gerad Lichtenhan,OL,3,12/3/2001,80,330,Oregon State,0
Jared Penning,OL,3,9/17/2000,77,319,Northern Iowa,0
Joe Noteboom,OL,3,6/19/1995,77,321,TCU,8
Roger Rosengarten,OL,3,6/3/2002,77,316,Washington,2
Ronnie Stanley,OL,3,3/18/1994,78,310,Notre Dame,10
Tyler Linderbaum,OL,3,4/7/2000,74,305,Iowa,4
Jordan Stout,P,3,8/4/1998,75,209,Penn State,4
Cooper Rush,QB,3,11/21/1993,75,225,Central Michigan; Tarrant County JC,8
Devin Leary,QB,3,9/10/1999,73,215,Kentucky; N.C. State,0
Lamar Jackson,QB,3,1/7/1997,74,205,Louisville,8
Tyler Huntley,QB,3,2/3/1998,73,204,Utah,6
Derrick Henry,RB,3,1/4/1994,75,252,Alabama,10
Justice Hill,RB,3,11/14/1997,70,205,Oklahoma State,7
Keaton Mitchell,RB,3,1/17/2002,68,191,East Carolina,3
Lucas Scott,RB,3,8/25/2003,75,290,Army,0
Patrick Ricard,RB,3,5/27/1994,75,300,Maine,9
Rasheen Ali,RB,3,2/16/2001,71,210,Marshall,2
Baylor Cupp,TE,3,5/10/2000,78,243,Texas Tech; Texas A&M,0
Charlie Kolar,TE,3,2/10/1999,78,265,Iowa State,4
Isaiah Likely,TE,3,4/18/2000,76,245,Coastal Carolina,4
Mark Andrews,TE,3,9/6/1995,77,250,Oklahoma,8
Scotty Washington,TE,3,7/26/1996,77,242,Wake Forest,1
Anthony Miller,WR,3,10/9/1994,71,195,Memphis,6
Dayton Wade,WR,3,9/8/2000,69,184,Mississippi; Western Kentucky,1
DeAndre Hopkins,WR,3,6/6/1992,73,210,Clemson,13
Devontez Walker,WR,3,6/19/2001,73,198,North Carolina; Kent State; North Carolina Central,2
Jahmal Banks,WR,3,,,,,
Keith Kirkwood,WR,3,12/26/1994,75,210,Temple,5
LaJohntay Wester,WR,3,3/29/2002,69,170,Colorado; Florida Atlantic,0
Rashod Bateman,WR,3,11/29/1999,73,193,Minnesota,5
Tylan Wallace,WR,3,5/13/1999,71,200,Oklahoma State,5
Xavier Guillory,WR,3,,,,,
Zay Flowers,WR,3,9/11/2000,69,183,Boston College,3
MJ Devonshire,DB,3,9/12/2000,71,186,Pittsburgh; Kentucky,1
Nick Samac,OL,3,8/21/2001,76,314,Michigan State,2
Carl Jones,LB,3,8/8/2001,72,223,UCLA,1
C.J. Gardner-Johnson,DB,3,12/20/1997,71,208,Florida,7
Taven Bryan,DL,3,3/11/1996,76,291,Florida,8
Sam Mustipher,OL,3,8/13/1996,74,332,Notre Dame,6
J.T. Gray,DB,3,1/18/1996,72,202,Mississippi State,8
Malik Cunningham,WR,3,10/6/1998,73,190,Louisville,2
Cornelius Johnson,WR,3,11/29/2000,75,212,Michigan,1
Laken Tomlinson,OL,3,2/9/1992,75,323,Duke,11
Reuben Lowery,DB,3,7/30/2002,69,204,Tennessee-Chattanooga,0
Josh Tupou,DL,3,5/2/1994,75,340,Colorado,7
Alohi Gilman,DB,3,9/17/1997,70,201,Notre Dame,6
Odafe Oweh,LB,3,12/15/1998,77,265,Penn State,5
Ben Cleveland,OL,3,8/25/1998,78,355,Georgia,5
David Olajiga,DL,3,11/3/1997,75,310,Central Missouri; Butler County JC,1
Jonathan Ward,RB,3,9/30/1997,72,202,Central Michigan,6
Zaire Mitchell-Paden,TE,3,8/20/1999,77,257,Florida Atlantic,1
Jaire Alexander,DB,3,2/9/1997,70,196,Louisville,8
Kenyon Green,OL,3,3/15/2001,76,325,Texas A&M,4
Myles Gaskin,RB,3,2/15/1997,70,199,Washington,7
Colton Dowell,WR,3,4/19/1999,75,212,Tennessee-Martin,2
Amani Oruwariye,DB,3,2/9/1996,74,200,Penn State,6
Sanoussi Kane,DB,3,10/6/2001,71,210,Purdue,2
Dre'Mont Jones,LB,3,1/5/1997,75,281,Ohio State,7
Brandon Codrington,DB,4,11/17/2000,69,185,North Carolina Central,2
Cam Lewis,DB,4,4/13/1997,69,183,Buffalo,6
Christian Benford,DB,4,9/21/2000,73,205,Villanova,4
Cole Bishop,DB,4,10/24/2002,74,207,Utah,2
Damar Hamlin,DB,4,3/24/1998,72,200,Pittsburgh,5
Dane Jackson,DB,4,11/29/1996,71,180,Pittsburgh,6
Dorian Strong,DB,4,3/14/2002,72,185,Virginia Tech,0
Garnett Hollis Jr.,DB,4,,,,,
Jordan Hancock,DB,4,8/12/2003,73,195,Ohio State,0
Jordan Poyer,DB,4,4/25/1991,72,191,Oregon State,13
Maxwell Hairston,DB,4,8/6/2003,71,192,Kentucky,0
Sam Franklin Jr.,DB,4,2/2/1996,75,210,Temple,6
Taron Johnson,DB,4,7/27/1996,71,192,Weber State,8
Taylor Rapp,DB,4,12/22/1997,72,208,Washington,7
Te'Cory Couch,DB,4,9/6/1999,70,185,Miami,1
Tre Herndon,DB,4,3/5/1996,71,190,Vanderbilt,7
Tre'Davious White,DB,4,1/16/1995,71,192,LSU,9
Wande Owens,DB,4,3/26/2001,71,205,New Hampshire; Yale,0
Zy Alexander,DB,4,,,,,
A.J. Epenesa,DL,4,9/15/1998,78,260,Iowa,6
Andre Jones Jr.,DL,4,10/25/1998,77,258,Louisiana-Lafayette,2
DaQuan Jones,DL,4,12/27/1991,76,320,Penn State,12
DeWayne Carter,DL,4,12/10/2000,74,305,Duke,2
Deone Walker,DL,4,3/11/2004,79,331,Kentucky,0
Ed Oliver,DL,4,12/12/1997,73,287,Houston,7
Greg Rousseau,DL,4,4/5/2000,78,266,Miami,5
Javon Solomon,DL,4,1/17/2001,73,246,Troy,2
Joey Bosa,DL,4,7/11/1995,77,280,Ohio State,10
Jordan Phillips,DL,4,9/21/1992,78,330,Oklahoma,11
Landon Jackson,DL,4,1/2/2003,78,264,Arkansas; LSU,0
Larry Ogunjobi,DL,4,6/3/1994,75,305,Charlotte,9
Morgan Fox,DL,4,9/12/1994,75,275,Colorado State (Pueblo),9
Nelson Ceaser,DL,4,,,,,
Paris Shand,DL,4,,,,,
Phidarian Mathis,DL,4,4/26/1998,76,312,Alabama,4
Shaq Lawson,DL,4,6/17/1994,75,265,Clemson,9
T.J. Sanders,DL,4,7/30/2003,76,297,South Carolina,0
Zion Logue,DL,4,7/13/2001,78,325,Georgia,1
Matt Prater,K,4,8/10/1984,70,201,UCF,19
Tyler Bass,K,4,2/14/1997,70,183,Georgia Southern,6
Baylon Spector,LB,4,10/20/1998,72,233,Clemson,4
Dorian Williams,LB,4,6/28/2001,73,230,Tulane,3
Joe Andreessen,LB,4,2/7/2000,72,232,Buffalo,2
Keonta Jenkins,LB,4,1/26/2002,74,211,Virginia Tech,0
Matt Milano,LB,4,7/28/1994,72,223,Boston College,9
Michael Hoecht,LB,4,10/5/1997,76,267,Brown,5
Shaq Thompson,LB,4,4/21/1994,72,230,Washington,11
Terrel Bernard,LB,4,5/7/1999,73,224,Baylor,4
Reid Ferguson,LS,4,3/24/1994,74,235,LSU,9
Alec Anderson,OL,4,10/3/1999,77,305,UCLA,3
Chase Lundt,OL,4,6/16/2000,79,304,Connecticut,0
Connor McGovern,OL,4,11/3/1997,78,318,Penn State,7
David Edwards,OL,4,3/20/1997,78,308,Wisconsin,7
Dion Dawkins,OL,4,4/26/1994,77,320,Temple,9
Mike Edwards,OL,4,11/10/1998,77,363,Campbell University; Wake Forest,0
O'Cyrus Torrence,OL,4,1/20/2000,77,347,Florida; Louisiana-Lafayette,3
Richard Gouraige,OL,4,10/15/1998,77,306,Florida,1
Rush Reimer,OL,4,,,,,
Ryan Van Demark,OL,4,3/22/1998,78,307,Connecticut,3
Sedrick Van Pran-Granger,OL,4,10/23/2001,76,310,Georgia,2
Spencer Brown,OL,4,2/28/1998,80,311,Northern Iowa,5
Travis Clayton,OL,4,2/17/2001,79,301,,2
Tylan Grable,OL,4,10/4/1999,77,313,UCF; Jacksonville State,2
Josh Allen,QB,4,5/21/1996,77,237,Wyoming; Reedley,8
Mitchell Trubisky,QB,4,8/20/1994,74,222,North Carolina,9
Darrynton Evans,RB,4,7/9/1998,70,203,Appalachian State,5
Elijah Young,RB,4,,,,,
Frank Gore Jr.,RB,4,3/13/2002,68,201,Southern Mississippi,1
James Cook,RB,4,9/25/1999,71,190,Georgia,4
Jarveon Howard,RB,4,,,,,
Ray Davis,RB,4,11/20/1999,68,220,Kentucky; Vanderbilt; Temple,2
Reggie Gilliam,RB,4,8/20/1997,72,244,Toledo,6
Ty Johnson,RB,4,9/17/1997,70,210,Maryland,7
Dalton Kincaid,TE,4,10/18/1999,75,240,Utah; Univ of California-San Diego,3
Dawson Knox,TE,4,11/14/1996,76,254,Mississippi,7
Jackson Hawes,TE,4,12/6/2000,76,253,Georgia Tech; Yale,0
Keleki Latu,TE,4,8/13/2002,78,249,Washington; Nevada,0
Curtis Samuel,WR,4,8/11/1996,71,195,Ohio State,9
David White,WR,4,7/18/2000,76,200,Western Carolina; Valdosta State,0
Deon Cain,WR,4,8/9/1996,74,202,Clemson,3
Gabe Davis,WR,4,3/1/1999,74,225,UCF,6
Grant DuBose,WR,4,6/20/2001,74,201,Charlotte; Miles College,1
Josh Palmer,WR,4,9/22/1999,73,210,Tennessee,5
KJ Hamler,WR,4,7/8/1999,69,178,Penn State,4
Kaden Prather,WR,4,,,,,
Keon Coleman,WR,4,5/17/2003,76,215,Florida State; Michigan State,2
Khalil Shakir,WR,4,2/3/2000,72,190,Boise State,4
Laviska Shenault Jr.,WR,4,10/5/1998,73,224,Colorado,5
Stephen Gosnell,WR,4,10/22/2001,73,198,Virginia Tech; North Carolina,0
Tyrell Shavers,WR,4,8/18/1999,76,211,San Diego State; Mississippi State; Alabama,1
Mike White,QB,4,3/25/1995,77,216,Western Kentucky; University of South Florida,7
Tommy Akingbesote,DL,4,2/25/2003,76,316,Maryland,0
Matthew Wright,K,4,3/22/1996,71,174,UCF,4
Jalen Kimber,DB,4,2/13/2001,72,184,Penn State; Florida,0
Jacob Bayer,OL,4,12/12/2002,75,310,Arkansas State; Lamar,0
Kendrick Green,OL,4,12/22/1998,75,310,Illinois,5
Nick Broeker,OL,4,10/7/2000,76,305,Mississippi,3
Elijah Moore,WR,4,3/27/2000,70,180,Mississippi,5
Mecole Hardman,WR,4,3/12/1998,70,187,Georgia,7
Ja'Marcus Ingram,DB,4,9/2/1997,74,190,Buffalo; Texas Tech,2
Marcus Harris,DL,4,9/27/2000,75,295,Auburn; Kansas,1
Maddux Trujillo,K,4,,,,,
Mike Badgley,K,4,7/28/1995,70,188,Miami,7
Darrick Forrest,DB,4,5/22/1999,71,200,Cincinnati,5
Darnell Savage,DB,4,7/30/1997,71,198,Maryland,7
Shane Buechele,QB,4,1/8/1998,72,210,SMU,4
Brad Robbins,P,4,10/6/1998,73,203,Michigan,2
Jimmy Ciarlo,LB,4,2/28/2001,74,225,Army,2
Matthew Judon,LB,4,8/15/1992,75,265,Grand Valley,10
Otis Reese,LB,4,7/2/1998,75,214,Mississippi,3
Brandin Cooks,WR,4,9/25/1993,70,190,Oregon State,12
Casey Rogers,DL,4,12/18/1998,77,305,Oregon; Nebraska,1
Zach Davidson,TE,4,7/15/1998,79,251,Central Missouri,2
Cameron Johnston,P,4,2/24/1992,71,194,Ohio State,8
Kingsley Jonathan,DL,4,4/28/1998,76,260,Syracuse,3
Daequan Hardy,DB,4,6/13/2001,69,178,Penn State,1
Darius Slay,DB,4,1/1/1991,72,192,Mississippi State; Itawamba JC,13
Daryl Porter,DB,4,2/3/2002,70,185,Miami; West Virginia,0
Matt Sokol,TE,4,11/9/1995,77,258,Michigan State,1
Dan Feeney,OL,4,5/29/1994,76,310,Indiana,9
Kristian Wilkerson,WR,4,1/10/1997,73,214,Southeast Missouri State,3
Mitch Wishnowsky,P,4,3/2/1992,74,220,Utah; Santa Barbara,7
Akayleb Evans,DB,5,6/22/1999,74,198,Missouri,4
Chau Smith-Wade,DB,5,9/17/2002,71,176,Washington State,2
Corey Thornton,DB,5,1/30/2001,73,195,Louisville,0
Damarri Mathis,DB,5,4/12/1999,71,195,Pittsburgh,4
Demani Richardson,DB,5,10/7/2000,73,215,Texas A&M,2
Isaac Gifford,DB,5,,,,,
JaTravis Broughton,DB,5,,,,,
Jaycee Horn,DB,5,11/26/1999,73,200,South Carolina,5
Keion Crossen,DB,5,4/17/1996,70,190,Western Carolina,7
Lathan Ransom,DB,5,7/16/2002,72,206,Ohio State,0
Mello Dotson,DB,5,,,,,
Mike Jackson,DB,5,1/10/1997,73,210,Miami,5
Nick Scott,DB,5,5/17/1995,71,200,Penn State,7
Tre Swilling,DB,5,3/26/1999,73,196,Georgia Tech,1
Tre'von Moehrig,DB,5,6/16/1999,74,202,TCU,5
A'Shawn Robinson,DL,5,3/21/1995,75,320,Alabama,10
Bobby Brown III,DL,5,8/7/2000,76,332,Texas A&M,5
Cam Jackson,DL,5,8/7/2002,78,328,Florida; Memphis,0
Derrick Brown,DL,5,4/15/1998,77,320,Auburn,6
Jaden Crumedy,DL,5,7/30/2000,76,309,Mississippi State,2
Jared Harrison-Hunte,DL,5,7/22/2000,76,294,SMU; Miami,0
LaBryan Ray,DL,5,12/5/1997,76,290,Alabama,3
Mapalo Mwansa,DL,5,4/2/2004,74,230,,0
Popo Aumavae,DL,5,1/15/1999,75,315,Oregon,2
Tershawn Wharton,DL,5,6/25/1998,73,280,Missouri-Rolla,6
Ryan Fitzgerald,K,5,8/13/2000,71,193,Florida State,0
Bam Martin-Scott,LB,5,7/4/2000,74,231,South Carolina; Dodge City CC,0
Christian Rozeboom,LB,5,1/30/1997,74,230,South Dakota State,5
Claudin Cherelus,LB,5,2/9/1999,74,230,Alcorn State; UMass Amherst,3
D.J. Wonnum,LB,5,10/31/1997,77,258,South Carolina,6
J.J. Weaver,LB,5,,,,,
Krys Barnes,LB,5,4/2/1998,74,229,UCLA,6
Nic Scourton,LB,5,8/25/2004,74,257,Texas A&M; Purdue,0
Patrick Jones II,LB,5,9/29/1998,76,264,Pittsburgh,5
Princely Umanmielen,LB,5,4/18/2002,76,244,Mississippi; Florida,0
Thomas Incoom,LB,5,2/1/1999,74,265,Central Michigan; Valdosta State,3
Trevin Wallace,LB,5,2/22/2003,73,244,Kentucky,2
J.J. Jansen,LS,5,1/20/1986,74,235,Notre Dame,18
Austin Corbett,OL,5,9/5/1995,76,306,Nevada,8
Brady Christensen,OL,5,9/27/1996,78,300,BYU,5
Brandon Walton,OL,5,3/18/1998,77,300,Florida Atlantic,3
Cade Mays,OL,5,4/26/1999,78,325,Tennessee,4
Chandler Zavala,OL,5,4/2/1999,75,322,N.C. State; Fairmont State,3
Damien Lewis,OL,5,3/21/1997,74,327,LSU; Northwest Mississippi CC,6
Ikem Ekwonu,OL,5,10/31/2000,76,320,N.C. State,4
Ja'Tyre Carter,OL,5,1/15/1999,75,311,Southern,3
Luke Kandra,OL,5,,,,,
Michael Tarquin,OL,5,6/14/2001,78,313,Oklahoma; USC; Florida,0
Robert Hunt,OL,5,8/25/1996,78,323,Louisiana-Lafayette,6
Steven Losoya,OL,5,,,,,
Taylor Moton,OL,5,8/14/1994,77,325,Western Michigan,9
Yosh Nijman,OL,5,1/2/1996,79,314,Virginia Tech,6
Sam Martin,P,5,2/27/1990,73,205,Appalachian State,13
Andy Dalton,QB,5,10/29/1987,74,220,TCU,15
Bryce Perkins,QB,5,12/20/1996,75,215,Virginia,2
Bryce Young,QB,5,7/25/2001,70,204,Alabama,3
Jack Plummer,QB,5,10/21/1999,77,215,Louisville; California; Purdue,0
Chuba Hubbard,RB,5,6/11/1999,73,210,Oklahoma State,5
Emani Bailey,RB,5,11/28/2001,67,202,TCU; Louisiana,0
Jonathon Brooks,RB,5,7/21/2003,72,207,Texas,2
Kayron Lynch-Adams,RB,5,,,,,
Rico Dowdle,RB,5,6/14/1998,72,215,South Carolina,6
Trevor Etienne,RB,5,7/9/2004,68,198,Georgia; Florida,0
Bryce Pierre,TE,5,1/25/2001,77,255,UCLA; Arizona State,0
Dominique Dafney,TE,5,6/3/1997,74,243,Indiana State,2
Ja'Tavion Sanders,TE,5,3/27/2003,76,252,Texas,2
James Mitchell,TE,5,8/11/1999,76,249,Virginia Tech,3
Mitchell Evans,TE,5,3/18/2003,77,258,Notre Dame,0
Tommy Tremble,TE,5,6/2/2000,76,250,Notre Dame,5
Tyler Mabry,TE,5,11/21/1996,75,260,Maryland,2
Ainias Smith,WR,5,5/31/2001,69,176,Texas A&M,2
Brycen Tremayne,WR,5,11/18/1999,76,212,Stanford,1
Dan Chisena,WR,5,2/25/1997,75,202,Penn State,5
David Moore,WR,5,1/15/1995,72,219,East Central,7
Hunter Renfrow,WR,5,12/21/1995,70,185,Clemson,6
Ja'Seem Reed,WR,5,3/21/2003,74,195,San Diego,0
Jacolby George,WR,5,,,,,
Jalen Coker,WR,5,10/30/2001,75,213,Holy Cross,2
Jimmy Horn Jr.,WR,5,9/12/2002,68,174,Colorado; University of South Florida,0
Kobe Hudson,WR,5,,,,,
T.J. Luther,WR,5,5/13/2000,71,195,Gardner-Webb; Wofford,1
Tetairoa McMillan,WR,5,4/5/2003,77,212,Arizona,0
Xavier Legette,WR,5,1/29/2001,75,227,South Carolina,2
Maema Njongmeta,LB,5,3/9/2001,72,232,Wisconsin,2
Darrian Dalcourt,OL,5,9/17/2000,75,320,Alabama,1
Israel Mukuamu,DB,5,11/28/1999,76,215,South Carolina,5
Robert Rochell,DB,5,4/26/1998,72,193,Central Arkansas,5
Saahdiq Charles,OL,5,7/26/1999,76,321,LSU,5
Ross Dwelley,TE,5,1/26/1995,77,235,San Diego,8
Isaiah Simmons,LB,5,7/26/1998,76,238,Clemson,6
Shemar Bartholomew,DB,5,6/6/2000,73,200,Georgia Southern; Northwestern State (LA),2
Jarrett Kingston,OL,5,12/2/1999,76,308,USC; Washington State,2
David Long,DB,5,2/6/1998,71,196,Michigan,7
Trevian Thomas,DB,5,3/4/2002,71,196,Arkansas State,0
DeeJay Dallas,RB,5,9/16/1998,70,214,Miami,6
Jamil Muhammad,LB,5,2/1/2001,73,260,USC; Georgia State; Vanderbilt,0
Dalevon Campbell,WR,5,12/5/2001,76,220,South Carolina,0
Carlos Basham,LB,5,12/16/1997,75,274,Wake Forest,5
Hendon Hooker,QB,5,1/13/1998,75,221,Tennessee; Virginia Tech,3
Raheem Blackshear,RB,5,6/5/1998,69,190,Virginia Tech,4
Jacoby Windmon,LB,5,8/20/2001,74,250,Michigan State; UNLV,2
Jeremiah Moon,LB,5,8/18/1998,77,245,Florida,3
Aiden Williams,OL,5,8/31/2000,78,305,Duluth/University of Minnesota,0
D'Anthony Bell,DB,5,10/17/1996,73,211,University of West Florida,4
Michael Reid,DB,5,5/24/2002,74,200,South Dakota; Monmouth,0
Anthony Tyus III,RB,5,3/20/2003,73,226,Ohio,0
Trevis Gipson,DL,5,6/13/1997,76,263,Tulsa,6
DJ Johnson,LB,5,10/29/1998,76,260,Oregon; Miami,3
Alex Cook,DB,6,5/21/1999,73,196,Washington,2
Dominique Hampton,DB,6,7/25/2000,75,220,Washington,2
Dontae Manning,DB,6,9/17/2001,70,190,Oregon,0
Elijah Hicks,DB,6,10/16/1999,71,204,California,4
Gervarrius Owens,DB,6,10/14/1999,72,200,Houston; Northeast Oklahoma,2
Jaquan Brisker,DB,6,4/20/1999,73,204,Penn State; Lackawanna JC,4
Jaylon Johnson,DB,6,4/19/1999,72,195,Utah,6
Jaylon Jones,DB,6,10/14/1997,71,190,Mississippi,4
Jeremiah Walker,DB,6,,,,,
Jonathan Owens,DB,6,7/22/1995,71,204,Missouri Western,7
Josh Blackwell,DB,6,4/5/1999,71,180,Duke,4
Kaleb Hayes,DB,6,3/19/1999,72,195,BYU; Oregon State,0
Kevin Byard,DB,6,8/17/1993,71,218,Middle Tennessee State,10
Kyler Gordon,DB,6,12/17/1999,71,200,Washington,4
Mekhi Garner,DB,6,1/11/2000,74,212,LSU; Navarro,1
Millard Bradford,DB,6,9/24/1999,70,191,TCU,0
Nahshon Wright,DB,6,9/23/1998,76,199,Oregon State,5
Nick McCloud,DB,6,7/9/1998,73,190,Notre Dame,5
Shaun Wade,DB,6,9/16/1998,73,195,Ohio State,4
Terell Smith,DB,6,7/27/1999,72,204,Minnesota,3
Tyrique Stevenson,DB,6,5/26/2000,72,212,Miami; Georgia,3
Zah Frazier,DB,6,10/5/2000,75,185,Texas-San Antonio; Coffeyville CC,0
Andrew Billings,DL,6,6/3/1995,73,340,Baylor,9
Austin Booker,DL,6,12/14/2002,78,245,Kansas; Minnesota,2
Chris Williams,DL,6,6/16/1998,74,298,Wagner,4
Daniel Hardy,DL,6,12/15/1998,74,255,Montana State,3
Dayo Odeyingbo,DL,6,9/24/1999,77,282,Vanderbilt,5
Dominique Robinson,DL,6,7/2/1998,77,275,Miami (Ohio),4
Gervon Dexter Sr.,DL,6,10/5/2000,78,326,Florida,3
Grady Jarrett,DL,6,4/28/1993,73,294,Clemson,11
Jamree Kromah,DL,6,6/14/2000,75,268,James Madison; Rutgers,1
Montez Sweat,DL,6,9/4/1996,78,270,Mississippi State; Copiah-Lincoln Junior College; Michigan State,7
Shemar Turner,DL,6,1/14/2003,75,293,Texas A&M,0
Cairo Santos,K,6,11/12/1991,68,173,Tulane,12
Amen Ogbongbemiga,LB,6,9/4/1998,73,226,Oklahoma State,5
D'Marco Jackson,LB,6,7/20/1998,73,233,Appalachian State,4
Jalen Reeves-Maybin,LB,6,1/31/1995,73,226,Tennessee,9
Noah Sewell,LB,6,4/26/2002,73,246,Oregon,3
Ruben Hyppolite II,LB,6,9/16/2001,72,236,Maryland,0
T.J. Edwards,LB,6,8/12/1996,72,228,Wisconsin,7
Tremaine Edmunds,LB,6,5/2/1998,76,251,Virginia Tech,8
Xavier Carlton,LB,6,8/22/2001,78,273,California; Utah,0
Scott Daly,LS,6,2/7/1994,73,245,Notre Dame,5
Braxton Jones,OL,6,3/27/1999,77,303,Southern Utah State,4
Chris Glaser,OL,6,10/1/1999,76,306,Virginia,2
Darnell Wright,OL,6,8/10/2001,77,325,Tennessee,3
Drew Dalman,OL,6,10/15/1998,75,300,Stanford,5
Joe Thuney,OL,6,11/18/1992,77,301,N.C. State,10
Jonah Jackson,OL,6,2/5/1997,75,319,Ohio State; Rutgers,6
Jordan McFadden,OL,6,11/16/1999,74,306,Clemson,3
Kiran Amegadjie,OL,6,2/1/2002,77,326,Yale,2
Luke Newman,OL,6,3/3/2002,76,308,Michigan State; Holy Cross,0
Ozzy Trapilo,OL,6,10/17/2001,80,312,Boston College,0
Ricky Stromberg,OL,6,11/10/2000,76,313,Arkansas,2
Ryan Bates,OL,6,2/14/1997,76,306,Penn State,7
Theo Benedet,OL,6,12/10/2001,79,305,University of British Columbia,1
Tory Taylor,P,6,7/10/1997,76,223,Iowa,2
Austin Reed,QB,6,2/22/2000,73,220,Western Kentucky; University of West Florida; Southern Illinois,0
Caleb Williams,QB,6,11/18/2001,73,226,USC; Oklahoma,2
Case Keenum,QB,6,2/17/1988,73,220,Houston,13
Tyson Bagent,QB,6,6/8/2000,75,213,Shepherd,3
Brittain Brown,RB,6,10/10/1997,73,205,UCLA,3
D'Andre Swift,RB,6,1/14/1999,68,204,Georgia,6
Deion Hankins,RB,6,9/13/2000,71,226,Texas State-San Marcos,0
Kyle Monangai,RB,6,6/6/2002,68,207,Rutgers,0
Roschon Johnson,RB,6,1/31/2001,72,227,Texas,3
Travis Homer,RB,6,8/7/1998,70,211,Miami,7
Cole Kmet,TE,6,3/10/1999,78,257,Notre Dame,6
Colston Loveland,TE,6,4/9/2004,78,241,Michigan,0
Durham Smythe,TE,6,8/9/1995,76,248,Notre Dame,8
Nikola Kalinic,TE,6,1/21/1997,76,248,York (Canada),2
Stephen Carlson,TE,6,12/12/1996,76,248,Princeton,4
Thomas Gordon,TE,6,,77,255,Northwestern,1
DJ Moore,WR,6,4/14/1997,72,213,Maryland,8
Devin Duvernay,WR,6,9/12/1997,71,202,Texas,6
JP Richardson,WR,6,3/23/2002,71,192,TCU; Oklahoma State,0
Jahdae Walker,WR,6,7/5/2002,75,206,Texas A&M; Grand Valley,0
Luther Burden III,WR,6,12/12/2003,72,210,Missouri,0
Maurice Alexander,WR,6,1/10/1997,70,171,Florida International,1
Miles Boykin,WR,6,10/12/1996,75,231,Notre Dame,6
Olamide Zaccheaus,WR,6,7/23/1997,68,199,Virginia,7
Rome Odunze,WR,6,6/3/2002,75,215,Washington,2
Joe Tryon-Shoyinka,DL,6,4/30/1999,77,259,Washington,5
Joshua Miles,OL,6,1/4/1996,77,325,Morgan State,5
Samori Toure,WR,6,3/24/1998,73,196,Nebraska,3
Ty Summers,LB,6,12/31/1995,73,241,TCU,7
Tre Flowers,DB,6,6/2/1995,75,203,Oklahoma State,8
Mark Perry,DB,6,5/30/2001,72,215,TCU,1
Jonathan Ford,DL,6,9/29/1998,77,346,Miami,3
Trey Hill,OL,6,1/23/2000,76,335,Georgia,4
Power Echols,LB,6,1/20/2003,72,225,North Carolina,0
Tanoh Kpassagnon,DL,6,6/14/1994,79,289,Villanova,8
Bill Murray,OL,6,7/3/1997,75,321,William & Mary,2
Qadir Ismail,TE,6,2/17/2000,78,232,Samford; Villanova,1
Royce Freeman,RB,6,2/24/1996,72,238,Oregon,6
Luke Elkin,LS,6,6/27/2002,73,200,Iowa,0
Jeremiah Martin,DL,6,6/10/2000,76,265,Washington; Texas A&M,1
Nephi Sewell,LB,6,12/19/1998,72,228,Utah,3
Kyle Hergel,OL,6,10/7/1999,74,315,Boston College; Texas State-San Marcos,2
Ian Wheeler,RB,6,9/15/2001,71,205,Howard,2
Doug Kramer,OL,6,6/4/1998,74,300,Illinois,4
Dallis Flowers,DB,6,6/4/1997,73,196,Pittsburg State (KS),4
Jonathan Garvin,LB,6,7/28/1999,76,257,Miami,4
Jake Moody,K,6,11/23/1999,73,210,Michigan,3
Joel Wilson,TE,6,6/21/2000,76,245,Central Michigan,1
Bralyn Lux,DB,7,8/28/2000,70,180,Texas Tech,0
Cam Taylor-Britt,DB,7,10/15/1999,71,200,Nebraska,4
D.J. Ivey,DB,7,2/25/2000,73,192,Miami,3
DJ Turner II,DB,7,11/9/2000,71,185,Michigan,3
Daijahn Anthony,DB,7,9/9/2000,72,200,Mississippi; Liberty,2
Daxton Hill,DB,7,9/29/2000,72,195,Michigan,4
Geno Stone,DB,7,4/19/1999,71,209,Iowa,6
Jalen Davis,DB,7,2/2/1996,70,186,Utah State,5
Jaylen Key,DB,7,2/29/2000,74,210,Alabama; UAB,0
Jordan Battle,DB,7,12/14/2000,73,215,Alabama,3
Josh Newton,DB,7,9/14/2000,71,190,TCU; Louisiana-Monroe,2
Lance Robinson,DB,7,3/20/2000,70,185,Tulane; Kansas State,0
Marco Wilson,DB,7,3/3/1999,71,191,Florida,5
Nate Brooks,DB,7,9/5/1996,72,192,North Texas,1
PJ Jules,DB,7,5/14/2001,72,203,Southern Illinois,1
Russ Yeast,DB,7,5/8/1999,70,195,Kansas State,3
Shaquan Loyal,DB,7,,,,,
Tycen Anderson,DB,7,6/13/1999,74,205,Toledo,4
B.J. Hill,DL,7,4/20/1995,75,311,N.C. State,8
Cameron Sample,DL,7,9/20/1999,75,272,Tulane,5
Cedric Johnson,DL,7,9/6/2002,75,264,Mississippi,2
Howard Cross III,DL,7,7/31/2001,73,285,Notre Dame,0
Joseph Ossai,DL,7,4/13/2000,76,263,Texas,5
Kris Jenkins,DL,7,10/10/2001,75,310,Michigan,2
McKinnley Jackson,DL,7,12/26/2001,74,330,Texas A&M,2
McTelvin Agim,DL,7,9/25/1997,75,300,Arkansas,3
Myles Murphy,DL,7,1/3/2002,77,275,Clemson,3
Raymond Johnson III,DL,7,12/2/1997,75,264,Georgia Southern,2
Shemar Stewart,DL,7,11/12/2003,77,267,Texas A&M,0
Tedarrell Slaton,DL,7,10/3/1997,77,340,Florida,5
Trey Hendrickson,DL,7,12/5/1994,76,265,Florida Atlantic,9
Evan McPherson,K,7,7/21/1999,71,185,Florida,5
Barrett Carter,LB,7,10/23/2002,72,230,Clemson,0
Craig Young,LB,7,3/13/2001,75,225,Kansas; Ohio State,0
Demetrius Knight Jr.,LB,7,7/21/2000,74,240,South Carolina; Charlotte,0
Isaiah Thomas,LB,7,12/3/1998,77,272,Oklahoma,3
Joe Giles-Harris,LB,7,4/1/1997,74,234,Duke,2
Liam Anderson,LB,7,4/30/2000,75,226,Holy Cross,1
Oren Burks,LB,7,3/21/1995,75,233,Vanderbilt,8
Shaka Heyward,LB,7,4/19/2000,75,238,Duke,2
William Wagner,LS,7,12/20/2000,74,240,Michigan,0
Amarius Mims,OL,7,10/14/2002,80,350,Georgia,2
Andrew Coker,OL,7,3/23/2001,79,315,TCU,1
Andrew Raym,OL,7,5/2/2001,76,327,Oklahoma,0
Cody Ford,OL,7,12/28/1996,75,345,Oklahoma,7
Cordell Volson,OL,7,7/20/1998,78,315,North Dakota State,4
Dalton Risner,OL,7,7/13/1995,77,312,Kansas State,7
Dylan Fairchild,OL,7,5/8/2003,77,318,Georgia,0
Jalen Rivers,OL,7,9/12/2002,77,319,Miami,0
Javon Foster,OL,7,3/31/2000,77,313,Missouri,2
Jaxson Kirkland,OL,7,7/30/1998,79,325,Washington,2
Lucas Patrick,OL,7,7/30/1993,75,313,Duke,9
Matt Lee,OL,7,6/6/2001,76,310,Miami; UCF,2
Orlando Brown,OL,7,5/2/1996,80,350,Oklahoma,8
Seth McLaughlin,OL,7,8/27/2001,76,305,Ohio State; Alabama,0
Ted Karras,OL,7,3/15/1993,76,310,Illinois,10
Ryan Rehkow,P,7,9/11/1998,77,235,BYU,2
Jake Browning,QB,7,4/11/1996,74,210,Washington,3
Joe Burrow,QB,7,12/10/1996,76,215,LSU; Ohio State,6
Payton Thorne,QB,7,,,,,
Chase Brown,RB,7,3/21/2000,70,211,Illinois; Western Michigan,3
Gary Brightwell,RB,7,2/28/1998,73,218,Arizona,4
Kendall Milton,RB,7,2/10/2002,73,230,Georgia,1
Quali Conley,RB,7,,,,,
Samaje Perine,RB,7,9/16/1995,70,240,Oklahoma,9
Tahj Brooks,RB,7,5/13/2002,69,220,Texas Tech,0
Cam Grandy,TE,7,11/19/1999,77,253,Illinois State; Missouri Western,2
Drew Sample,TE,7,4/16/1996,77,260,Washington,7
Erick All,TE,7,9/13/2000,77,255,Iowa; Michigan,2
Mike Gesicki,TE,7,10/3/1995,78,245,Penn State,8
Noah Fant,TE,7,11/20/1997,76,249,Iowa,7
Tanner Hudson,TE,7,11/12/1994,77,241,Southern Arkansas; Memphis,6
Andrei Iosivas,WR,7,10/15/1999,75,210,Princeton,3
Charlie Jones,WR,7,10/29/1998,72,190,Purdue; Iowa,3
Cole Burgess,WR,7,2/11/2000,73,192,Cortland State Of New York,0
Ja'Marr Chase,WR,7,3/1/2000,72,205,LSU,5
Jamoi Mayes,WR,7,,,,,
Jermaine Burton,WR,7,6/28/2001,72,204,Alabama; Georgia,2
Jordan Moore,WR,7,4/18/2002,72,191,Duke,0
Kendric Pryor,WR,7,1/6/1998,71,189,Wisconsin,2
Mitchell Tinsley,WR,7,9/15/1999,73,205,Penn State; Western Kentucky,2
Rashod Owens,WR,7,,,,,
Tee Higgins,WR,7,1/18/1999,76,219,Clemson,6
Joe Flacco,QB,7,1/16/1985,78,245,Delaware; Pittsburgh,18
Logan Wilson,LB,7,7/8/1996,74,245,Wyoming,6
Devin Cochran,OL,7,7/17/1998,79,330,Georgia Tech,3
Sean Clifford,QB,7,7/14/1998,74,217,Penn State,2
Desmond Ridder,QB,7,8/31/1999,75,207,Cincinnati,4
Xavier Johnson,WR,7,5/11/1999,73,210,Ohio State,1
Brett Rypien,QB,7,7/9/1996,74,210,Boise State,7
Myles Cole,DL,7,4/29/2000,78,278,Texas Tech; Louisiana-Monroe,2
Mike Pennel,DL,7,5/9/1991,76,330,Colorado State (Pueblo); Arizona State; Scottsdale CC,11
Tanner McLachlan,TE,7,3/15/1999,77,245,Arizona,2
Brian Asamoah II,LB,7,3/29/2000,72,226,Oklahoma,4
Caleb Etienne,OL,7,8/29/2001,80,320,BYU; Oklahoma State; Butler University,0
Isaiah Foskey,DL,7,10/30/2000,77,270,Notre Dame,3
Isaiah Williams,WR,7,1/29/2001,70,185,Illinois,2
Antwaun Powell-Ryland,LB,7,2/23/2002,75,258,Virginia Tech; Florida,0
Cal Adomitis,LS,7,7/9/1998,74,238,Pittsburgh,4
Ke'Shawn Williams,WR,7,12/27/2001,69,186,Indiana; Wake Forest,0
Jordan Jefferson,DL,7,9/24/2001,74,316,LSU,2
Anthony Kendall,DB,8,12/17/1999,70,188,Baldwin Wallace College,2
Chris Edmonds,DB,8,7/16/2001,74,210,Arizona State; Samford,1
Christian Holmes,DB,8,11/14/1997,73,205,Oklahoma State,2
Denzel Ward,DB,8,4/28/1997,71,190,Ohio State,8
Dom Jones,DB,8,7/16/2000,74,192,Colorado State; North Dakota State,0
Donovan McMillon,DB,8,6/18/2002,74,203,Pittsburgh; Florida,0
Grant Delpit,DB,8,9/20/1998,75,208,LSU,6
Keenan Isaac,DB,8,2/17/2000,75,190,Alabama State,1
Martin Emerson,DB,8,9/27/2000,74,200,Mississippi State,4
Myles Harden,DB,8,12/13/2001,71,195,South Dakota,2
Rayshawn Jenkins,DB,8,1/25/1994,73,220,Miami,9
Ronnie Hickman Jr.,DB,8,10/11/2001,73,209,Ohio State,3
Tony Brown,DB,8,7/13/1995,72,200,Alabama,6
Adin Huntington,DL,8,3/18/2002,73,281,Tulane; Louisiana-Monroe; Kent State,0
Alex Wright,DL,8,9/5/2000,77,267,UAB,4
Cameron Thomas,DL,8,7/1/2000,76,265,San Diego State,4
Isaiah McGuire,DL,8,7/27/2001,76,268,Missouri,3
Keith Cooper Jr.,DL,8,3/30/2003,77,280,Houston; Tulane,0
Maliek Collins,DL,8,4/8/1995,74,310,Nebraska,10
Mason Graham,DL,8,9/3/2003,76,315,Michigan,0
Maurice Hurst,DL,8,5/9/1995,74,291,Michigan,8
Mike Hall Jr.,DL,8,6/13/2003,75,300,Ohio State,2
Myles Garrett,DL,8,12/29/1995,76,272,Texas A&M,9
Ralph Holley,DL,8,1/22/1999,73,285,Western Michigan,1
Sam Kamara,DL,8,12/21/1997,72,272,Stony Brook,3
Shelby Harris,DL,8,8/11/1991,74,288,Illinois State; Wisconsin,11
Andre Szmyt,K,8,9/26/1998,72,200,Syracuse,1
Dustin Hopkins,K,8,10/1/1990,74,210,Florida State,11
Carson Schwesinger,LB,8,2/24/2003,75,242,UCLA,0
Charlie Thomas,LB,8,1/31/2000,75,216,Georgia Tech,0
Devin Bush,LB,8,7/18/1998,71,234,Michigan,7
Easton Mascarenas-Arnold,LB,8,9/13/2002,71,226,USC; Oregon State,0
Edefuan Ulofoshio,LB,8,1/23/2000,73,239,Washington,2
Elerson Smith,LB,8,7/17/1998,78,255,Northern Iowa,3
Jeremiah Owusu-Koramoah,LB,8,11/4/1999,74,221,Notre Dame,5
Jerome Baker,LB,8,12/25/1996,74,232,Ohio State,8
Joe Tryon-Shoyinka,LB,8,4/30/1999,77,259,Washington,5
Jordan Hicks,LB,8,6/27/1992,73,236,Texas,10
Julian Okwara,LB,8,12/27/1997,76,250,Notre Dame,6
Marvin Moody,LB,8,,,,,
Mohamoud Diabate,LB,8,5/18/2001,76,225,Utah,3
Nathaniel Watson,LB,8,9/1/2000,72,233,Mississippi State,2
Sam Kamara,LB,8,12/21/1997,72,272,Stony Brook,3
Winston Reid,LB,8,8/3/1999,72,225,Weber State,2
Rex Sunahara,LS,8,10/9/1996,78,242,West Virginia,2
Bucky Williams,OL,8,3/20/2000,75,300,Appalachian State; Austin Peay,0
Cornelius Lucas,OL,8,7/18/1991,80,327,Kansas State,11
Dartanyan Tinsley,OL,8,,,,,
Dawand Jones,OL,8,8/6/2001,80,375,Ohio State,3
Ethan Pocic,OL,8,8/5/1995,78,320,LSU,9
Jack Conklin,OL,8,8/17/1994,78,308,Michigan State,10
Jackson Barton,OL,8,8/8/1995,79,302,Utah,5
Jason Ivey,OL,8,,,,,
Javion Cohen,OL,8,8/8/2002,76,322,Miami; Alabama,0
Joel Bitonio,OL,8,10/11/1991,76,320,Nevada,12
Justin Osborne,OL,8,11/25/2000,77,305,SMU; Auburn,0
KT Leveston,OL,8,10/28/1999,76,335,Kansas State,2
Lorenzo Thompson,OL,8,6/21/2000,78,305,Rhode Island,0
Luke Wypler,OL,8,5/3/2001,75,303,Ohio State,3
Teven Jenkins,OL,8,3/3/1998,78,320,Oklahoma State,5
Wyatt Teller,OL,8,11/21/1994,76,315,Virginia Tech,8
Zak Zinter,OL,8,4/17/2001,78,310,Michigan,2
Corey Bojorquez,P,8,9/13/1996,72,217,New Mexico; Cerritos College,8
Bailey Zappe,QB,8,4/26/1999,73,215,Western Kentucky; Houston Christian University,4
Deshaun Watson,QB,8,9/14/1995,75,223,Clemson,9
Dillon Gabriel,QB,8,12/28/2000,71,205,Oregon; Oklahoma; UCF,0
Shedeur Sanders,QB,8,2/7/2002,74,212,Colorado; Jackson State University,0
Ahmani Marshall,RB,8,3/21/2002,73,225,Appalachian State; Wake Forest,0
Dylan Sampson,RB,8,9/14/2004,68,201,Tennessee,0
Jerome Ford,RB,8,9/12/1999,70,210,Cincinnati; Alabama,4
Quinshon Judkins,RB,8,10/29/2003,72,219,Ohio State; Mississippi,0
Raheim Sanders,RB,8,6/8/2002,72,230,South Carolina; Arkansas,0
Blake Whiteheart,TE,8,3/22/2000,76,250,Wake Forest,3
David Njoku,TE,8,7/10/1996,76,246,Miami,9
Harold Fannin Jr.,TE,8,7/20/2004,76,241,Bowling Green,0
Mitch Van Vooren,TE,8,,,,,
Sal Cannella,TE,8,12/2/1996,77,242,Auburn,1
Cade McDonald,WR,8,5/7/2001,70,196,Miami (Ohio); Michigan State,0
Cedric Tillman,WR,8,4/19/2000,75,215,Tennessee,3
Chase Cota,WR,8,11/9/1999,76,200,Oregon; UCLA,1
David Bell,WR,8,12/14/2000,73,212,Purdue,4
DeAndre Carter,WR,8,4/10/1993,68,190,Sacramento State,8
Diontae Johnson,WR,8,7/5/1996,70,183,Toledo,6
Gage Larvadain,WR,8,1/3/2003,68,171,South Carolina; Miami (Ohio),0
Isaiah Bond,WR,8,3/15/2004,71,180,Texas; Alabama,0
Jamari Thrash,WR,8,12/19/2000,72,190,Louisville; Georgia State,2
Jerry Jeudy,WR,8,4/24/1999,73,195,Alabama,6
Kaden Davis,WR,8,9/25/1998,73,193,NW Missouri State University,1
Luke Floriea,WR,8,10/23/2001,68,170,Kent State,0
Malachi Corley,WR,8,3/21/2002,71,215,Western Kentucky,2
Wesley French,OL,8,11/30/1996,76,307,Western Michigan,4
Caden Prieskorn,TE,8,9/21/1999,77,255,Mississippi; Memphis,0
Damontae Kazee,DB,8,6/5/1993,71,174,San Diego State,9
Kingsley Eguakun,OL,8,3/23/2001,75,305,Florida,1
Jack Conley,OL,8,6/15/2001,79,235,Boston College,0
Pierre Strong,RB,8,12/10/1998,71,215,South Dakota State,4
Kisean Johnson,WR,8,1/28/2002,73,216,Western Kentucky; Alabama State,0
Ameer Speed,DB,8,10/11/1999,75,215,Michigan State; Georgia,3
D'Angelo Ross,DB,8,10/29/1996,69,190,New Mexico,4
Cam Robinson,OL,8,10/9/1995,78,335,Alabama,9
Brenden Bates,TE,8,10/16/1999,77,255,Kentucky,2
LaDarius Henderson,OL,8,12/11/2001,76,309,Michigan; Arizona State,2
Cameron Mitchell,DB,8,9/8/2001,71,191,Northwestern,3
Cameron McGrone,LB,8,6/22/2000,73,236,Michigan,3
Greg Newsome II,DB,8,5/18/2000,72,192,Northwestern,5
Tyson Campbell,DB,8,3/17/2000,73,195,Georgia,5
Trayveon Williams,RB,8,10/18/1997,68,206,Texas A&M,7
Cole Strange,OL,8,7/31/1998,77,310,Tennessee-Chattanooga,4
Sebastian Gutierrez,OL,8,7/6/1998,77,308,Minot State University,1
Thayer Munford Jr.,OL,8,9/18/1999,77,354,Ohio State,4
Mark Robinson,LB,8,8/14/1999,71,235,Mississippi,4
Dee Williams,DB,8,12/6/1999,70,190,Tennessee,2
Jarrick Bernard-Converse,DB,8,4/29/2000,73,205,LSU; Oklahoma State,3
LaMareon James,DB,8,10/25/2000,70,192,TCU; Old Dominion,0
Nik Needham,DB,8,11/4/1996,73,196,Texas-El Paso,6
Ochaun Mathis,LB,8,1/8/1999,77,250,Nebraska; TCU,3
Titus Leo,DL,8,8/26/1999,75,245,Wagner,3
KJ Henry,DL,8,1/27/1999,76,255,Clemson,3
Logan Brown,OL,8,4/17/2001,78,312,Kansas; Wisconsin,0
Tre Avery,DB,8,2/26/1997,71,185,Rutgers,3
Sam Webb,DB,8,5/19/1998,72,194,Missouri Western,3
Garrett Dellinger,OL,8,2/18/2002,77,322,LSU,0
Tyre Phillips,OL,8,1/29/1997,77,325,Mississippi State; East Mississippi JC,4
Alijah Clark,DB,9,7/11/2003,73,200,Syracuse; Rutgers,0
Andrew Booth,DB,9,9/28/2000,72,194,Clemson,3
C.J. Goodwin,DB,9,2/4/1990,75,190,California (PA); Bethany West; Fairmont State,10
Caelen Carson,DB,9,3/3/2002,72,198,Wake Forest,2
Christian Matthew,DB,9,10/26/1996,74,195,Valdosta State,4
DaRon Bland,DB,9,7/12/1999,72,197,Fresno State,4
Donovan Wilson,DB,9,2/21/1995,72,204,Texas A&M,7
Josh Butler,DB,9,11/25/1996,72,192,Michigan State,2
Juanyeh Thomas,DB,9,6/24/2000,75,217,Georgia Tech,3
Malik Hooker,DB,9,4/2/1996,73,212,Ohio State,9
Markquese Bell,DB,9,1/6/1999,75,205,Florida A&M,4
Michael Ojemudia,DB,9,9/12/1997,73,200,Iowa,4
Mike Smith Jr.,DB,9,,,,,
Reddy Steward,DB,9,5/4/2001,71,178,Troy,1
Shavon Revel Jr.,DB,9,4/12/2002,74,198,East Carolina; Louisburg,0
Trikweze Bridges,DB,9,9/20/2000,74,200,Florida; Oregon,0
Adedayo Odeleye,DL,9,10/17/1997,77,283,,1
Dante Fowler Jr.,DL,9,8/3/1994,75,261,Florida,11
Donovan Ezeiruaku,DL,9,5/25/2003,74,248,Boston College,0
Earnest Brown IV,DL,9,1/8/1999,77,270,Northwestern,3
Isaiah Land,DL,9,2/5/2000,76,235,Florida A&M,3
Jadeveon Clowney,DL,9,2/14/1993,77,266,South Carolina,12
James Houston,DL,9,11/16/1998,73,241,Jackson State University,4
Jay Toia,DL,9,7/16/2003,74,342,UCLA; USC,0
Kenny Clark,DL,9,10/4/1995,75,314,UCLA,10
Marshawn Kneeland,DL,9,7/8/2001,75,268,Western Michigan,2
Osa Odighizuwa,DL,9,8/13/1998,74,280,UCLA,5
Payton Turner,DL,9,1/7/1999,78,275,Houston,5
Perrion Winfrey,DL,9,8/15/2000,76,290,Oklahoma; Iowa Western CC,2
Sam Williams,DL,9,3/31/1999,76,261,Mississippi,4
Solomon Thomas,DL,9,8/26/1995,75,285,Stanford,9
Brandon Aubrey,K,9,3/14/1995,75,218,Notre Dame,3
Dante Fowler Jr.,LB,9,8/3/1994,75,261,Florida,11
DeMarvion Overshown,LB,9,8/13/2000,75,230,Texas,3
Jack Sanborn,LB,9,7/29/2000,74,234,Wisconsin,4
Jadeveon Clowney,LB,9,2/14/1993,77,266,South Carolina,12
Justin Barron,LB,9,10/25/2001,76,235,Syracuse,0
"Kenneth Murray, Jr.",LB,9,11/16/1998,74,241,Oklahoma,6
Marist Liufau,LB,9,2/9/2001,74,239,Notre Dame,2
Shemar James,LB,9,6/24/2004,73,222,Florida,0
Trent Sieg,LS,9,5/19/1995,76,240,Colorado State,8
Ajani Cornelius,OL,9,5/21/2002,76,310,Oregon; Rhode Island,0
Brock Hoffman,OL,9,7/2/1999,76,302,Virginia Tech; Coastal Carolina,3
Cooper Beebe,OL,9,5/19/2001,76,330,Kansas State,2
Hakeem Adeniji,OL,9,12/8/1997,76,302,Kansas,6
La'el Collins,OL,9,7/26/1993,76,315,LSU,9
Nathan Thomas,OL,9,8/22/2001,77,330,Louisiana-Lafayette,2
Robert Jones,OL,9,1/28/1999,76,321,Middle Tennessee State,5
TJ Bass,OL,9,3/31/1999,77,325,Oregon; Butte College,3
Terence Steele,OL,9,6/4/1997,78,310,Texas Tech,6
Trevor Keegan,OL,9,8/30/2000,77,306,Michigan,2
Tyler Booker,OL,9,4/12/2004,76,321,Alabama,0
Tyler Guyton,OL,9,6/11/2002,79,322,Oklahoma; TCU,2
Tyler Smith,OL,9,4/3/2001,77,332,Tulsa,4
Tyron Smith,OL,9,12/12/1990,77,320,USC,14
Bryan Anger,P,9,10/6/1988,75,202,California,14
Dak Prescott,QB,9,7/29/1993,74,238,Mississippi State,10
Joe Milton III,QB,9,3/6/2000,77,246,Tennessee; Michigan,2
Will Grier,QB,9,4/3/1995,73,212,West Virginia; Florida State,6
Hunter Luepke,RB,9,2/28/2000,73,238,North Dakota State,3
Javonte Williams,RB,9,4/25/2000,70,220,North Carolina,5
Jaydon Blue,RB,9,1/8/2004,69,198,Texas,0
Malik Davis,RB,9,11/26/1998,70,205,Florida,2
Miles Sanders,RB,9,5/1/1997,71,211,Penn State,7
Phil Mafah,RB,9,10/24/2002,73,232,Clemson,0
Brevyn Spann-Ford,TE,9,12/27/1999,79,270,Minnesota,2
Jake Ferguson,TE,9,1/18/1999,77,244,Wisconsin,4
John Stephens Jr.,TE,9,9/23/1999,78,240,Louisiana-Lafayette; TCU,3
Luke Schoonmaker,TE,9,9/28/1998,77,250,Michigan,3
Princeton Fant,TE,9,3/11/1999,74,245,Tennessee,2
Tyler Neville,TE,9,,,,,
CeeDee Lamb,WR,9,4/8/1999,74,200,Oklahoma,6
George Pickens,WR,9,3/4/2001,75,200,Georgia,4
Jalen Cropper,WR,9,5/3/2001,71,180,Fresno State,1
Jalen Tolbert,WR,9,2/27/1999,73,195,South Alabama,4
Jonathan Mingo,WR,9,4/20/2001,74,225,Mississippi,3
KaVontae Turpin,WR,9,8/2/1996,69,153,TCU,4
Parris Campbell,WR,9,7/16/1997,73,205,Ohio State,7
Ryan Flournoy,WR,9,10/27/1999,73,205,Southeast Missouri State; Iowa Western CC,2
Traeshon Holden,WR,9,9/12/2001,74,208,Oregon; Alabama,0
Geron Christian,OL,9,9/10/1996,77,302,Louisville,8
Deuce Vaughn,RB,9,11/2/2001,65,185,Kansas State,3
Trevon Diggs,DB,9,9/20/1998,73,195,Alabama,6
Israel Abanikanda,RB,9,10/5/2002,70,216,Pittsburgh,3
Zion Childress,DB,9,1/21/2002,71,203,Kentucky; Texas State-San Marcos,0
Damone Clark,LB,9,6/28/2000,74,240,LSU,4
Troy Pride,DB,9,1/19/1998,71,198,Notre Dame,3
Buddy Johnson,LB,9,2/27/1999,74,240,Texas A&M,4
Marcellus Johnson,OL,9,4/1/2000,76,307,Missouri; Eastern Michigan,1
Corey Ballentine,DB,9,4/13/1996,72,191,Washburn,7
Mazi Smith,DL,9,6/16/2001,75,337,Michigan,3
Quinnen Williams,DL,9,12/21/1997,75,303,Alabama,7
Julius Wood,DB,9,5/2/2001,73,194,East Carolina; Blinn College,2
Kaiir Elam,DB,9,5/5/2001,73,191,Florida,4
Kemon Hall,DB,9,6/2/1997,71,202,North Texas,4
Brandon Jones,DB,10,4/2/1998,73,191,Texas,6
Delarrin Turner-Yell,DB,10,12/16/1999,71,200,Oklahoma,4
Devon Key,DB,10,10/28/1997,72,208,Western Kentucky,2
Gregory Junior,DB,10,6/21/1999,72,190,Ouachita Baptist University,2
JL Skinner,DB,10,4/16/2001,76,220,Boise State,3
Ja'Quan McMillian,DB,10,6/4/2000,70,183,East Carolina,3
Jaden Robinson,DB,10,11/14/2000,72,193,Oregon State,0
Jahdae Barron,DB,10,12/4/2001,71,200,Texas,0
Joshua Pickett,DB,10,,,,,
Kris Abrams-Draine,DB,10,10/4/2001,71,178,Missouri,2
Micah Abraham,DB,10,12/11/2000,71,185,Marshall,0
P.J. Locke,DB,10,2/12/1997,70,202,Texas,6
Pat Surtain II,DB,10,4/14/2000,74,202,Alabama,5
Quinton Newsome,DB,10,7/11/2001,73,185,Nebraska,0
Reese Taylor,DB,10,8/27/1999,69,188,Purdue,1
Riley Moss,DB,10,3/3/2000,72,193,Iowa,3
Talanoa Hufanga,DB,10,2/1/2000,72,200,USC,5
D.J. Jones,DL,10,1/19/1995,72,305,Mississippi; East Mississippi JC,9
Eyioma Uwazurike,DL,10,5/6/1998,78,320,Iowa State,3
John Franklin-Myers,DL,10,9/26/1996,76,288,Stephen F. Austin State,8
Johnny Walker Jr.,DL,10,12/12/2001,75,250,Missouri,0
Jordan Jackson,DL,10,1/30/1998,77,294,Air Force,2
Jordan Miller,DL,10,1/20/2000,75,307,SMU; Miami,1
Kristian Williams,DL,10,12/5/2000,74,295,Missouri,0
Malcolm Roach,DL,10,6/9/1998,75,290,Texas,6
Matt Henningsen,DL,10,7/9/1999,75,291,Wisconsin,3
Michael Dwumfour,DL,10,1/1/1998,73,296,Rutgers; Michigan,2
Sai'vion Jones,DL,10,6/3/2003,77,289,LSU,0
Zach Allen,DL,10,8/20/1997,76,285,Boston College,7
Wil Lutz,K,10,7/7/1994,71,184,Georgia State,10
Alex Singleton,LB,10,12/7/1993,74,240,Montana State,7
Dondrea Tillman,LB,10,4/30/1998,76,247,"Indiana PA,  University of",2
Dre Greenlaw,LB,10,5/25/1997,72,230,Arkansas,7
Drew Sanders,LB,10,12/31/2000,77,234,Arkansas; Alabama,3
Jonah Elliss,LB,10,4/3/2003,74,246,Utah,2
Jonathon Cooper,LB,10,1/8/1998,76,257,Ohio State,5
Jordan Turner,LB,10,12/13/2001,73,231,Michigan State; Wisconsin,0
Justin Strnad,LB,10,8/21/1996,75,235,Wake Forest,6
Karene Reid,LB,10,2/19/2000,72,227,Utah,0
Levelle Bailey,LB,10,12/4/2000,74,225,Fresno State; Sacramento State,2
Nik Bonitto,LB,10,9/26/1999,75,240,Oklahoma,4
Que Robinson,LB,10,5/12/2001,76,243,Alabama,0
Mitchell Fraboni,LS,10,10/28/1996,74,223,Arizona State,4
Alex Forsyth,OL,10,2/13/1999,76,312,Oregon,3
Alex Palczewski,OL,10,8/3/1999,78,315,Illinois,3
Ben Powers,OL,10,10/29/1996,76,310,Oklahoma; Butler County JC,7
Calvin Throckmorton,OL,10,8/16/1996,77,311,Oregon,5
Frank Crum,OL,10,5/14/2000,79,315,Wyoming,2
Garett Bolles,OL,10,5/27/1992,77,300,Utah; Snow,9
Joseph Michalski,OL,10,4/6/2001,77,305,Oklahoma State,0
Luke Wattenberg,OL,10,9/10/1997,77,300,Washington,4
Matt Peart,OL,10,6/11/1997,79,318,Connecticut,6
Mike McGlinchey,OL,10,1/12/1995,80,315,Notre Dame,8
Nick Gargiulo,OL,10,7/19/2000,77,327,South Carolina; Yale,1
Quinn Meinerz,OL,10,11/15/1998,75,320,Wisconsin-Whitewater,5
Jeremy Crawshaw,P,10,5/22/2001,75,205,Florida,0
Bo Nix,QB,10,2/25/2000,74,217,Oregon; Auburn,2
Jarrett Stidham,QB,10,8/8/1996,75,215,Auburn; McLennan CC; Baylor,6
Sam Ehlinger,QB,10,9/30/1998,74,225,Texas,5
Adam Prentice,RB,10,1/16/1997,72,245,South Carolina,5
J.K. Dobbins,RB,10,12/17/1998,70,212,Ohio State,6
Jaleel McLaughlin,RB,10,9/13/2000,67,187,Youngstown State,3
Michael Burton,RB,10,2/1/1992,71,242,Rutgers,11
RJ Harvey,RB,10,2/4/2001,69,205,UCF; Virginia,0
Tyler Badie,RB,10,2/7/1999,68,197,Missouri,2
Adam Trautman,TE,10,2/5/1997,77,253,Dayton,6
Caleb Lohner,TE,10,10/1/2001,79,250,Utah; Baylor,0
Evan Engram,TE,10,9/2/1994,75,240,Mississippi,9
Lucas Krull,TE,10,7/11/1998,78,260,Pittsburgh,3
Marcedes Lewis,TE,10,5/19/1984,78,267,UCLA,20
Nate Adkins,TE,10,7/9/1999,75,252,South Carolina,3
Patrick Murtagh,TE,10,2/11/2000,78,250,,2
A.T. Perry,WR,10,10/26/1999,77,205,Wake Forest,2
Courtland Sutton,WR,10,10/10/1995,76,216,SMU,8
Jerjuan Newton,WR,10,,,,,
Kyrese Rowan,WR,10,1/25/2001,70,185,Utah State; Utah,0
Marvin Mims Jr.,WR,10,3/19/2002,71,182,Oklahoma,3
Michael Bandy,WR,10,12/5/1997,70,190,San Diego,3
Pat Bryant,WR,10,12/10/2002,75,200,Illinois,0
Thayer Thomas,WR,10,5/20/1998,72,195,N.C. State,1
Troy Franklin,WR,10,2/6/2003,75,180,Oregon,2
Karsen Barnhart,OL,10,3/2/2001,77,316,Michigan,1
Cody Schrader,RB,10,9/8/1999,69,214,Missouri; Truman State University,2
Tanner McCalister,DB,10,1/27/2000,71,191,Ohio State; Oklahoma State,1
Nash Jones,OL,10,3/29/2002,77,320,Texas State-San Marcos,0
Joaquin Davis,WR,10,8/18/2002,76,195,North Carolina Central,0
Garrett Nelson,DL,10,3/1/2000,76,245,Nebraska,1
Will Sherman,OL,10,5/27/1999,76,300,Colorado,1
Lil'Jordan Humphrey,WR,10,4/19/1998,76,225,Texas,6
Keidron Smith,DB,10,11/1/1999,74,201,Kentucky,2
Brandon Johnson,WR,10,7/26/1998,74,195,UCF; Tennessee,3
Andrew Farmer,LB,10,4/19/2000,76,250,Lane College,2
Garret Wallow,LB,10,1/25/1999,74,230,TCU,5
Blake Watson,RB,10,10/14/1999,69,195,Memphis; Old Dominion,2
Michael Deiter,OL,10,9/3/1996,78,315,Wisconsin,7
Allan George,DB,11,7/16/1999,71,191,Vanderbilt,1
Amik Robertson,DB,11,7/6/1998,69,183,Louisiana Tech,6
Avonte Maddox,DB,11,3/31/1996,69,191,Pittsburgh,8
Brian Branch,DB,11,10/22/2001,72,203,Alabama,3
D.J. Miller,DB,11,,,,,
D.J. Reed,DB,11,11/11/1996,69,190,Kansas State; Cerritos College; Fresno State,8
Dan Jackson,DB,11,11/30/2000,73,195,Georgia,0
Daniel Thomas,DB,11,7/1/1998,70,215,Auburn,6
Ennis Rakestraw Jr.,DB,11,6/5/2002,71,188,Missouri,2
Ian Kennelly,DB,11,,,,,
Kendall Fuller,DB,11,2/13/1995,71,198,Virginia Tech,10
Kerby Joseph,DB,11,11/14/2000,72,210,Illinois,4
Khalil Dorsey,DB,11,3/31/1998,68,188,Northern Arizona,5
Loren Strickland,DB,11,5/31/2000,70,202,Ball State; University of Indianapolis,2
Luq Barcoo,DB,11,7/27/1998,73,180,San Diego State,2
Morice Norris Jr.,DB,11,9/27/2000,71,198,Fresno State; Orange Coast College,0
Nick Whiteside,DB,11,5/1/2000,73,200,Saginaw Valley State,1
Rock Ya-Sin,DB,11,5/23/1996,71,195,Temple,7
Terrion Arnold,DB,11,3/22/2003,72,195,Alabama,2
Thomas Harper,DB,11,11/5/2000,70,195,Notre Dame; Oklahoma State,2
Tyson Russell,DB,11,,,,,
Ahmed Hassanein,DL,11,7/9/2002,75,271,Boise State,0
Aidan Hutchinson,DL,11,8/9/2000,79,268,Michigan,4
Al-Quadin Muhammad,DL,11,3/28/1995,76,250,Miami,8
Alim McNeill,DL,11,5/11/2000,74,310,N.C. State,5
Chris Smith,DL,11,12/15/1999,73,316,Notre Dame; Harvard,2
DJ Reader,DL,11,7/1/1994,75,330,Clemson,10
Isaac Ukwu,DL,11,1/14/1999,75,258,Mississippi; James Madison,0
Joshua Paschal,DL,11,12/17/1999,75,275,Kentucky,4
Keith Cooper,DL,11,3/30/2003,77,280,Houston; Tulane,0
Levi Onwuzurike,DL,11,3/2/1998,75,304,Washington,5
Marcus Davenport,DL,11,9/4/1996,78,285,Texas-San Antonio,8
Mekhi Wingo,DL,11,4/17/2003,72,288,LSU; Missouri,2
Myles Adams,DL,11,3/9/1998,74,290,Rice,4
Nate Lynn,DL,11,7/6/2002,75,252,William & Mary,2
Pat O'Connor,DL,11,11/1/1993,76,300,Eastern Michigan,7
Quinton Jefferson,DL,11,3/31/1993,76,291,Maryland,10
Roy Lopez,DL,11,8/7/1997,74,312,Arizona,5
Tyleik Williams,DL,11,2/24/2003,75,328,Ohio State,0
Tyler Lacy,DL,11,11/10/1999,76,285,Oklahoma State,3
Tyrus Wheat,DL,11,12/8/1999,74,263,Mississippi State,3
Jake Bates,K,11,3/3/1999,70,202,Arkansas; Central Arkansas,2
Alex Anzalone,LB,11,9/22/1994,75,234,Florida,9
Anthony Pittman,LB,11,11/24/1996,75,236,Wayne State,4
DaRon Gilbert,LB,11,5/26/2001,73,222,Northern Illinois; Lafayette College,0
Derrick Barnes,LB,11,5/29/1999,72,240,Purdue,5
Ezekiel Turner,LB,11,6/9/1996,74,225,Washington; Pierce College,8
Grant Stuard,LB,11,10/15/1998,71,225,Houston,5
Jack Campbell,LB,11,8/22/2000,77,246,Iowa,3
Malcolm Rodriguez,LB,11,3/29/1999,71,230,Oklahoma State,4
Marcus Davenport,LB,11,9/4/1996,78,285,Texas-San Antonio,8
Mitchell Agude,LB,11,3/10/1999,76,245,Miami; UCLA,1
Monty Rice,LB,11,1/8/1999,72,233,Georgia,4
Trevor Nowaske,LB,11,11/7/1998,75,237,Saginaw Valley State,3
Zach Cunningham,LB,11,12/2/1994,75,230,Vanderbilt,9
Hogan Hatten,LS,11,8/6/2000,74,239,Idaho,2
Chris Hubbard,OL,11,4/23/1991,76,295,UAB,12
Christian Mahogany,OL,11,10/11/2000,75,327,Boston College,2
Colby Sorsdal,OL,11,3/1/2000,78,315,William & Mary,3
Dan Skipper,OL,11,9/20/1994,81,334,Arkansas,6
Frank Ragnow,OL,11,5/17/1996,77,311,Arkansas,8
Giovanni Manu,OL,11,1/26/2001,79,350,University of British Columbia,2
Graham Glasgow,OL,11,8/19/1992,78,315,Michigan,10
Gunner Britton,OL,11,,,,,
Jamarco Jones,OL,11,6/4/1996,76,315,Ohio State,6
Justin Herron,OL,11,11/27/1995,77,305,Wake Forest,6
Kayode Awosika,OL,11,10/27/1998,75,322,Buffalo,4
Mason Miller,OL,11,11/26/2001,79,310,North Dakota State,0
Michael Niese,OL,11,1/13/1998,77,300,Temple,2
Miles Frazier,OL,11,9/12/2001,78,325,LSU; Florida International,0
Netane Muti,OL,11,3/27/1999,75,325,Fresno State,5
Penei Sewell,OL,11,10/9/2000,77,335,Oregon,5
Tate Ratledge,OL,11,4/26/2001,78,315,Georgia,0
Taylor Decker,OL,11,8/23/1993,79,324,Ohio State,10
Trystan Colon,OL,11,3/23/1998,75,317,Missouri,6
Zack Johnson,OL,11,1/19/1997,78,301,North Dakota State,1
Jack Fox,P,11,9/1/1996,74,218,Rice,6
C.J. Beathard,QB,11,11/16/1993,74,215,Iowa,9
Jared Goff,QB,11,10/14/1994,76,217,California,10
Kyle Allen,QB,11,3/8/1996,75,210,Houston; Texas A&M,7
David Montgomery,RB,11,6/7/1997,71,230,Iowa State,7
Deon Jackson,RB,11,2/18/1999,72,218,Duke,3
Jabari Small,RB,11,1/31/2002,69,198,Tennessee,1
Jacob Saylors,RB,11,3/8/2000,71,195,East Tennessee State,1
Jahmyr Gibbs,RB,11,3/20/2002,69,202,Alabama; Georgia Tech,3
Kye Robichaux,RB,11,10/6/2002,72,213,Boston College; Western Kentucky,0
Sione Vaki,RB,11,7/30/2001,71,216,Utah,2
Anthony Firkser,TE,11,2/19/1995,74,246,Harvard,7
Brock Wright,TE,11,11/27/1998,77,254,Notre Dame,5
Gunnar Oakes,TE,11,,,,,
Kenny Yeboah,TE,11,10/30/1998,76,250,Mississippi,5
Sam LaPorta,TE,11,1/12/2001,75,245,Iowa,3
Shane Zylstra,TE,11,11/16/1996,76,244,Minnesota State,4
Steven Stilianos,TE,11,,,,,
Zach Horton,TE,11,12/2/2002,76,251,Indiana; James Madison,0
Amon-Ra St. Brown,WR,11,10/24/1999,72,202,USC,5
Dominic Lovett,WR,11,11/8/2002,70,185,Georgia; Missouri,0
Isaac TeSlaa,WR,11,2/20/2002,76,214,Arkansas; Hillsdale,0
Jackson Meeks,WR,11,3/24/2003,74,218,Syracuse,0
Jameson Williams,WR,11,3/26/2001,73,180,Alabama; Ohio State,4
Kalif Raymond,WR,11,8/8/1994,68,180,Holy Cross,9
Malik Taylor,WR,11,12/21/1995,73,220,Ferris State,3
Tom Kennedy,WR,11,7/29/1996,70,195,Bryant,3
Jakobie Keeney-James,WR,11,9/26/2000,73,195,UMass Amherst; Eastern Washington,0
Arthur Maulet,DB,11,7/13/1993,69,190,Memphis; Copiah-Lincoln Junior College,9
Jalen Mills,DB,11,4/6/1994,72,200,LSU,10
Keenan Garber,DB,11,7/22/2000,72,188,Kansas State,0
Andre Carter II,LB,11,3/28/2000,78,256,Army,2
Andrew Armstrong,WR,11,10/31/2000,76,202,Arkansas; East Texas A&M,0
Hayden Rucci,TE,11,1/27/2001,77,247,Wisconsin,1
Giovanni Ricci,TE,11,10/16/1996,75,240,Western Michigan,4
Craig Reynolds,RB,11,6/15/1996,71,216,Kutztown,6
Ronnie Bell,WR,11,1/28/2000,72,195,Michigan,3
Erick Hallett,DB,11,4/24/2000,71,200,Pittsburgh,1
Bo Melton,DB,12,5/18/1999,71,189,Rutgers,2
Carrington Valentine,DB,12,9/9/2001,72,189,Kentucky,3
Evan Williams,DB,12,7/28/2001,71,200,Oregon; Fresno State,2
Javon Bullard,DB,12,9/5/2002,70,198,Georgia,2
Jaylin Simpson,DB,12,5/17/2000,72,179,Auburn,1
Johnathan Baldwin,DB,12,2/8/2003,72,190,UNLV,0
Kamal Hadden,DB,12,1/17/2001,73,192,Tennessee; Independence Comm. College; Auburn,1
Keisean Nixon,DB,12,6/22/1997,70,200,South Carolina,7
Kitan Oladapo,DB,12,10/10/2000,74,216,Oregon State,2
Nate Hobbs,DB,12,6/24/1999,73,195,Illinois,5
Omar Brown,DB,12,10/12/2000,73,200,Nebraska,0
Xavier McKinney,DB,12,8/9/1999,72,201,Alabama,6
Zayne Anderson,DB,12,1/3/1997,74,206,BYU,3
Arron Mosby,DL,12,4/13/1999,75,250,Fresno State,3
Barryn Sorrell,DL,12,12/22/2002,75,256,Texas,0
Brenton Cox Jr.,DL,12,1/30/2000,76,250,Florida; Georgia,3
Colby Wooden,DL,12,12/21/2000,76,273,Auburn,3
Devonte O'Malley,DL,12,,,,,
Devonte Wyatt,DL,12,3/31/1998,75,304,Georgia,4
James Ester,DL,12,8/30/2001,75,289,Northern Illinois,1
Karl Brooks,DL,12,5/8/2000,75,296,Bowling Green,3
Keith Randolph Jr.,DL,12,,,,,
Kingsley Enagbare,DL,12,1/18/2000,76,258,South Carolina,4
Lukas Van Ness,DL,12,7/6/2001,77,272,Iowa,3
Nazir Stackhouse,DL,12,4/18/2002,76,327,Georgia,0
Rashan Gary,DL,12,12/3/1997,77,277,Michigan,7
Warren Brinson,DL,12,2/4/2002,77,315,Georgia,0
Brandon McManus,K,12,7/25/1991,75,201,Temple,12
Lucas Havrisik,K,12,9/29/1999,74,188,Arizona,2
Mark McNamee,K,12,11/10/1999,76,208,,0
Collin Oliver,LB,12,9/23/2002,74,240,Oklahoma State,0
Deslin Alexandre,LB,12,6/11/1998,75,264,Pittsburgh,1
Edgerrin Cooper,LB,12,11/17/2001,74,229,Texas A&M,2
Isaiah McDuffie,LB,12,7/21/1999,73,227,Boston College,5
Jamon Johnson,LB,12,11/28/2001,73,236,Kentucky; Georgia,0
Kristian Welch,LB,12,5/24/1998,75,240,Iowa,6
Micah Parsons,LB,12,5/26/1999,75,250,Penn State,5
Nick Niemann,LB,12,12/2/1997,75,234,Iowa,5
Quay Walker,LB,12,5/8/2000,76,240,Georgia,4
Ty'Ron Hopper,LB,12,4/26/2001,74,228,Missouri; Florida,2
Matthew Orzech,LS,12,4/12/1995,75,245,Azusa Pacific,6
Aaron Banks,OL,12,9/3/1997,77,325,Notre Dame,5
Anthony Belton,OL,12,2/23/2001,78,336,N.C. State; Georgia Military,0
Dalton Cooper,OL,12,3/15/2001,79,315,Oklahoma State; Texas State-San Marcos,0
Darian Kinnard,OL,12,12/29/1999,77,322,Kentucky,3
Donovan Jennings,OL,12,11/24/1999,76,323,University of South Florida,1
Elgton Jenkins,OL,12,12/26/1995,77,311,Mississippi State,7
J.J. Lippe,OL,12,,,,,
Jacob Monk,OL,12,6/4/2001,75,308,Duke,2
John Williams,OL,12,1/17/2002,76,322,Cincinnati,0
Jordan Morgan,OL,12,8/4/2001,77,311,Arizona,2
Lecitus Smith,OL,12,7/13/1998,75,314,Virginia Tech,3
Rasheed Walker,OL,12,2/13/2000,78,325,Penn State,4
Sean Rhyan,OL,12,9/15/2000,77,320,UCLA,4
Travis Glover,OL,12,8/17/2000,78,317,Georgia State,2
Zach Tom,OL,12,3/26/1999,76,304,Wake Forest,4
Daniel Whelan,P,12,2/10/1999,77,216,UC Davis,3
Clayton Tune,QB,12,3/23/1999,75,220,Houston,3
Jordan Love,QB,12,11/2/1998,76,219,Utah State,6
Malik Willis,QB,12,5/25/1999,73,225,Liberty; Auburn,4
Taylor Elgersma,QB,12,,,,,
Chris Brooks,RB,12,1/11/2000,73,219,BYU; California,3
Emanuel Wilson,RB,12,5/8/1999,71,226,Fort Valley State College,3
Josh Jacobs,RB,12,2/11/1998,70,223,Alabama,7
MarShawn Lloyd,RB,12,1/5/2001,69,220,USC; South Carolina,2
Tyrion Davis-Price,RB,12,10/23/2000,73,219,LSU,3
John FitzPatrick,TE,12,3/9/2000,79,262,Georgia,4
Johnny Lumpkin,TE,12,9/3/1997,78,268,Louisiana-Lafayette; Hutchinson CC,1
Josh Whyle,TE,12,9/8/1999,79,248,Cincinnati,3
Luke Musgrave,TE,12,9/2/2000,78,253,Oregon State,3
Tucker Kraft,TE,12,11/3/2000,77,259,South Dakota State,3
Christian Watson,WR,12,5/12/1999,76,208,North Dakota State,4
Dontayvion Wicks,WR,12,6/16/2001,73,206,Virginia,3
Isaiah Neyor,WR,12,6/7/2001,76,218,Nebraska; Texas; Wyoming,0
Jayden Reed,WR,12,4/28/2000,71,187,Michigan State; Western Michigan,3
Julian Hicks,WR,12,9/29/1999,74,201,Albany; Akron; Central Michigan,1
Kawaan Baker,WR,12,8/24/1998,73,215,South Alabama,1
Matthew Golden,WR,12,8/1/2003,71,191,Texas; Houston,0
Mike Woods,WR,12,3/19/2000,73,204,Oklahoma; Arkansas,3
Romeo Doubs,WR,12,4/13/2000,74,204,Nevada,4
Savion Williams,WR,12,11/22/2001,76,222,TCU,0
Will Sheppard,WR,12,2/11/2002,75,196,Colorado; Vanderbilt,0
McCallan Castles,TE,12,12/3/1999,77,252,Tennessee; UC Davis; California,1
Kadeem Telfort,OL,12,11/10/1998,79,322,UAB,2
Ben Sims,TE,12,5/16/2000,77,250,Baylor,3
Tyron Herring,DB,12,4/14/2001,74,195,Delaware; Dartmouth,0
Jordon Riley,DL,12,5/19/1998,77,315,Oregon; Nebraska; Garden City CC; North Carolina,3
Anthony Campbell,DL,12,9/9/2000,79,300,Miami; Louisiana-Monroe; Independence Comm. College,0
Quinton Bohanna,DL,12,3/16/1999,76,355,Kentucky,4
Damien Martinez,RB,12,1/31/2004,72,237,Miami; Oregon State,0
Micah Robinson,DB,12,2/5/2002,71,183,Tulane,0
Brant Banks,OL,12,5/1/2000,79,306,Rice,0
Drake Dabney,TE,12,5/14/2002,77,246,TCU; Baylor,0
Alijah Huzzie,DB,13,1/16/2001,70,195,North Carolina; East Tennessee State,0
Calen Bullock,DB,13,4/30/2003,75,190,USC,2
Damon Arnette,DB,13,9/2/1996,72,195,Ohio State,3
Derek Stingley Jr.,DB,13,6/20/2001,73,195,LSU,4
Jalen Pitre,DB,13,6/3/1999,72,200,Baylor,4
Jaylen Reed,DB,13,1/29/2003,72,212,Penn State,0
Jaylin Smith,DB,13,11/5/2003,71,190,USC,0
Jimmie Ward,DB,13,7/18/1991,71,193,Northern Illinois,12
Kamari Lassiter,DB,13,1/23/2003,72,180,Georgia,2
M.J. Stewart,DB,13,9/16/1995,71,205,North Carolina,8
Myles Bryant,DB,13,1/2/1998,69,192,Washington,6
Ronald Darby,DB,13,1/2/1994,71,193,Florida State,10
Tremon Smith,DB,13,7/20/1996,72,190,Central Arkansas,8
Casey Toohill,DL,13,8/21/1996,77,254,Stanford,5
Danielle Hunter,DL,13,10/29/1994,77,263,LSU,11
Denico Autry,DL,13,7/15/1990,77,285,Mississippi State; East Mississippi JC,12
Derek Barnett,DL,13,6/25/1996,75,259,Tennessee,9
Dylan Horton,DL,13,8/21/2000,76,275,TCU,3
Foley Fatukasi,DL,13,3/4/1995,76,318,Connecticut,7
Haggai Ndubuisi,DL,13,10/15/2000,79,298,,1
Junior Tafuna,DL,13,2/27/2001,75,305,Utah,0
Kurt Hinish,DL,13,4/27/1999,73,296,Notre Dame,4
Kyonte Hamilton,DL,13,11/7/2002,76,304,Rutgers,0
Mario Edwards,DL,13,1/25/1994,75,280,Florida State,10
Marlon Davidson,DL,13,5/11/1998,75,303,Auburn,5
Sheldon Rankins,DL,13,4/2/1994,74,305,Louisville,10
Solomon Byrd,DL,13,12/1/1999,75,250,USC; Wyoming,1
Tim Settle,DL,13,7/11/1997,75,313,Virginia Tech,8
Tommy Togiai,DL,13,9/19/1999,74,296,Ohio State,4
Will Anderson Jr.,DL,13,9/2/2001,76,243,Alabama,3
Ka'imi Fairbairn,K,13,1/29/1994,72,183,UCLA,10
Azeez Al-Shaair,LB,13,8/4/1997,74,228,Florida Atlantic,7
Christian Harris,LB,13,1/16/2001,74,232,Alabama,4
E.J. Speed,LB,13,6/1/1995,76,227,Tarleton State,7
Henry To'oTo'o,LB,13,1/5/2001,74,228,Alabama; Tennessee,3
Jake Hansen,LB,13,6/19/1998,73,230,Illinois,4
Jamal Hill,LB,13,4/1/2001,72,226,Oregon,2
Austin Brinkman,LS,13,6/20/2002,76,241,West Virginia,0
Blake Ferguson,LS,13,4/21/1997,75,230,LSU,5
Aireontae Ersery,OL,13,2/19/2002,78,330,Minnesota,0
Blake Fisher,OL,13,3/25/2003,78,310,Notre Dame,2
Conor McDermott,OL,13,10/19/1992,80,305,UCLA,8
Ed Ingram,OL,13,2/11/1999,75,307,LSU,4
Eli Cox,OL,13,10/19/2000,76,309,Kentucky,0
Jake Andrews,OL,13,11/11/1999,75,308,Troy,3
Jarrett Patterson,OL,13,9/1/1999,76,310,Notre Dame,3
Jaylon Thomas,OL,13,3/31/2000,77,311,SMU,2
Juice Scruggs,OL,13,1/19/2000,75,310,Penn State,3
Sidy Sow,OL,13,6/10/1998,77,318,Eastern Michigan,3
Trent Brown,OL,13,4/13/1993,80,380,Florida; Georgia Military,11
Tytus Howard,OL,13,5/23/1996,77,322,Alabama State,7
Tommy Townsend,P,13,11/12/1996,73,191,Florida,6
C.J. Stroud,QB,13,10/3/2001,75,218,Ohio State,3
Davis Mills,QB,13,10/21/1998,76,225,Stanford,5
Graham Mertz,QB,13,12/6/2000,74,216,Florida; Wisconsin,0
British Brooks,RB,13,11/18/1999,71,225,North Carolina,2
Dare Ogunbowale,RB,13,5/4/1994,71,205,Wisconsin,7
Jakob Johnson,RB,13,12/15/1994,75,255,Tennessee,6
Jawhar Jordan,RB,13,8/18/1999,70,186,Louisville; Syracuse,1
Joe Mixon,RB,13,7/24/1996,73,220,Oklahoma,9
Nick Chubb,RB,13,12/27/1995,71,227,Georgia,8
Woody Marks,RB,13,12/29/2000,70,208,USC; Mississippi State,0
Brevin Jordan,TE,13,7/16/2000,75,245,Miami,5
Cade Stover,TE,13,6/12/2000,76,251,Ohio State,2
Dalton Keene,TE,13,4/14/1999,76,251,Virginia Tech,3
Dalton Schultz,TE,13,7/11/1996,77,242,Stanford,8
Harrison Bryant,TE,13,4/23/1998,77,230,Florida Atlantic,6
Irv Smith,TE,13,8/9/1998,74,240,Alabama,6
Luke Lachey,TE,13,6/29/2001,78,247,Iowa,0
Braxton Berrios,WR,13,10/6/1995,69,185,Miami,8
Christian Kirk,WR,13,11/18/1996,71,200,Texas A&M,8
Daniel Jackson,WR,13,,,,,
Jared Wayne,WR,13,10/7/2000,75,210,Pittsburgh,1
Jayden Higgins,WR,13,12/15/2002,76,215,Iowa State; Eastern Kentucky,0
Jaylin Noel,WR,13,9/4/2002,71,200,Iowa State,0
Josh Kelly,WR,13,7/1/2001,73,195,Texas Tech; Washington State; Fresno State,0
Justin Watson,WR,13,4/4/1996,74,215,Penn,8
Juwann Winfree,WR,13,9/4/1996,73,210,Colorado,4
Nico Collins,WR,13,3/19/1999,76,222,Michigan,5
Quintez Cephus,WR,13,4/1/1998,73,208,Wisconsin,4
Silas Bolden,WR,13,11/9/2001,68,160,Texas; Oregon State,0
Tank Dell,WR,13,10/29/1999,70,165,Houston; Independence Comm. College; Alabama A&M,3
Xavier Hutchinson,WR,13,6/1/2000,75,210,Iowa State,3
Zach Thomas,OL,13,5/26/1998,77,305,San Diego State,4
Ajani Carter,DB,13,8/17/2000,74,200,Houston; Utah State,0
Dameon Pierce,RB,13,2/19/2000,70,215,Florida,4
Naquan Jones,DL,13,2/5/1998,75,313,Michigan State,5
Brandon Hill,DB,13,9/6/2000,71,195,Pittsburgh,2
Leki Fotu,DL,13,8/23/1998,77,317,Utah,6
Jackson Woodard,LB,13,7/2/2002,74,230,UNLV; Arkansas,0
K.C. Ossai,LB,13,11/5/2002,74,241,Louisiana,0
K'Von Wallace,DB,13,7/25/1997,71,205,Clemson,6
Darrell Taylor,DL,13,3/24/1997,76,255,Tennessee,5
Reid Holskey,OL,13,1/3/2002,78,306,Miami (Ohio),0
Cornell Powell,WR,13,10/30/1997,72,204,Clemson,1
Kaevon Merriweather,DB,13,12/20/1999,72,212,Iowa,3
BJ Mayes,DB,14,,,,,
Ben Nikkel,DB,14,5/12/2001,73,210,Iowa State; McPherson College,1
Camryn Bynum,DB,14,7/19/1998,72,200,California,5
Charvarius Ward,DB,14,5/16/1996,73,196,Middle Tennessee State; Hinds CC,8
Chris Lammons,DB,14,1/31/1996,70,190,South Carolina,5
Daniel Scott,DB,14,10/26/1998,73,208,California,3
Duke Shelley,DB,14,10/8/1996,69,176,Kansas State,6
George Odum,DB,14,11/3/1993,73,202,Central Arkansas,8
Hunter Wohler,DB,14,1/12/2003,74,213,Wisconsin,0
Jaylon Jones,DB,14,4/3/2002,74,203,Texas A&M,3
Johnathan Edwards,DB,14,11/16/2001,73,200,Tulane,0
Justin Walley,DB,14,9/22/2002,71,190,Minnesota,0
Kenny Moore II,DB,14,8/23/1995,69,190,Valdosta State,9
Ladarius Tennison,DB,14,,,,,
Mekhi Blackmon,DB,14,3/18/1999,71,178,USC; Colorado,3
Nick Cross,DB,14,9/10/2001,72,212,Maryland,4
Rodney Thomas,DB,14,6/26/1998,73,196,Yale,4
Trey Washington,DB,14,12/9/2002,70,205,Mississippi,0
Xavien Howard,DB,14,7/4/1993,73,203,Baylor,9
Adetomiwa Adebawore,DL,14,3/4/2001,74,282,Northwestern,3
Chris Wormley,DL,14,8/25/1993,77,300,Michigan,8
DeForest Buckner,DL,14,3/17/1994,79,295,Oregon,10
Desmond Little,DL,14,,,,,
Devonta Davis,DL,14,,,,,
Durell Nchami,DL,14,2/11/2000,76,258,Maryland,1
Eric Johnson,DL,14,7/16/1998,76,320,Missouri State,4
Grover Stewart,DL,14,10/20/1993,76,315,Albany State (GA),9
JT Tuimoloau,DL,14,5/10/2003,76,264,Ohio State,0
Kwity Paye,DL,14,11/19/1998,75,265,Michigan,5
Laiatu Latu,DL,14,12/31/2000,77,265,UCLA; Washington,2
Marcus Haynes,DL,14,4/7/1998,76,240,Old Dominion,1
Neville Gallimore,DL,14,1/17/1997,74,307,Oklahoma,6
Samson Ebukam,DL,14,5/9/1995,75,245,Eastern Washington,9
Seth Coleman,DL,14,12/7/2000,77,250,Illinois,0
Tim Smith,DL,14,8/9/2002,76,306,Alabama,0
Tyquan Lewis,DL,14,1/30/1995,75,267,Ohio State,8
Viliami Fehoko Jr.,DL,14,12/16/1999,76,267,San Jose State,2
Spencer Shrader,K,14,5/19/1999,74,201,Notre Dame; University of South Florida,2
Austin Ajiake,LB,14,6/30/2000,73,223,UNLV,1
Jacob Phillips,LB,14,4/1/1999,75,229,LSU,5
Jake Chaney,LB,14,,,,,
Jaylon Carlies,LB,14,9/13/2001,75,227,Missouri,2
Joseph Vaughn,LB,14,,,,,
Segun Olubi,LB,14,11/1/1999,73,233,San Diego State,3
Solomon DeShields,LB,14,,,,,
Zaire Franklin,LB,14,7/2/1996,72,235,Syracuse,8
Luke Rhodes,LS,14,12/2/1992,74,238,William & Mary,9
Bernhard Raimann,OL,14,9/23/1997,78,303,Central Michigan,4
Blake Freeland,OL,14,5/3/2001,79,302,BYU,3
Braden Smith,OL,14,3/25/1996,78,312,Auburn,8
Dalton Tucker,OL,14,3/18/2000,78,307,Marshall,2
Danny Pinter,OL,14,6/19/1996,76,301,Ball State,6
Jack Wilson,OL,14,10/22/1999,83,310,Washington State; Idaho; Oregon State,1
Jalen Travis,OL,14,4/19/2002,80,339,Iowa State; Princeton,0
Josh Sills,OL,14,1/26/1998,78,325,Oklahoma State; West Virginia,3
Luke Tenuta,OL,14,9/1/1999,80,315,Virginia Tech,3
Marshall Foerner,OL,14,,,,,
Matt Goncalves,OL,14,1/26/2001,78,317,Pittsburgh,2
Mose Vavao,OL,14,11/5/2001,74,305,Fresno State,0
Quenton Nelson,OL,14,3/19/1996,77,330,Notre Dame,8
Tanor Bortolini,OL,14,6/17/2002,76,303,Wisconsin,2
Rigoberto Sanchez,P,14,9/8/1994,72,195,Hawaii; Butte College,9
Anthony Richardson,QB,14,5/22/2002,76,244,Florida,3
Daniel Jones,QB,14,5/27/1997,77,230,Duke,7
Jason Bean,QB,14,12/3/1999,74,196,Kansas; North Texas,0
Philip Rivers,QB,14,12/8/1981,77,228,N.C. State,18
Riley Leonard,QB,14,9/13/2002,76,213,Notre Dame; Duke,0
Ameer Abdullah,RB,14,6/13/1993,69,203,Nebraska,11
DJ Giddens,RB,14,8/26/2003,73,212,Kansas State,0
Jonathan Taylor,RB,14,1/19/1999,70,226,Wisconsin,6
Nate Noel,RB,14,,,,,
Nay'Quan Wright,RB,14,,,,,
Salvon Ahmed,RB,14,12/29/1998,71,197,Washington,5
Tyler Goodson,RB,14,11/10/2000,69,197,Iowa,3
Ulysses Bentley IV,RB,14,12/30/2000,70,200,Mississippi; SMU,0
Andrew Ogletree,TE,14,7/28/1998,77,260,Youngstown State,4
Mo Alie-Cox,TE,14,9/19/1993,77,267,Virginia Commonwealth Univ.,8
Sean McKeon,TE,14,12/28/1997,77,255,Michigan,5
Tyler Warren,TE,14,5/24/2002,78,256,Penn State,0
Will Mallory,TE,14,6/22/1999,76,239,Miami,3
Ajou Ajou,WR,14,,,,,
Alec Pierce,WR,14,5/2/2000,75,211,Cincinnati,4
Anthony Gould,WR,14,4/6/2001,68,174,Oregon State,2
Ashton Dulin,WR,14,5/15/1997,74,215,Malone,7
Blayne Taylor,WR,14,,,,,
Coleman Owen,WR,14,3/23/2001,70,181,Ohio; Northern Arizona,0
D.J. Montgomery,WR,14,11/17/1996,73,201,Austin Peay; Holmes County JC,4
Josh Downs,WR,14,8/12/2001,69,171,North Carolina,3
Landon Parker,WR,14,,,,,
Laquon Treadwell,WR,14,6/14/1995,74,215,Mississippi,9
Michael Pittman,WR,14,10/5/1997,76,223,USC,6
Tyler Kahmann,WR,14,,,,,
Seth Henigan,QB,14,3/10/2003,75,215,Memphis,0
Eli Pancol,WR,14,7/7/2000,75,205,Duke,0
Tyler Scott,WR,14,10/12/2001,70,182,Cincinnati,3
Alex Johnson,DB,14,10/11/2000,72,185,UCLA,1
Germaine Pratt,LB,14,5/21/1996,75,250,N.C. State,7
Mike Hilton,DB,14,3/9/1994,69,184,Mississippi,9
Bayron Matos,OL,14,12/8/2000,79,334,University of South Florida; New Mexico,1
Chad Muma,LB,14,8/18/1999,75,239,Wyoming,4
Blake Grupe,K,14,11/5/1998,67,156,Notre Dame; Arkansas State,3
Jimmy Morrissey,OL,14,6/9/1998,76,305,Pittsburgh,3
Maximilian Mang,TE,14,3/13/2000,78,263,Syracuse,0
Sauce Gardner,DB,14,8/31/2001,75,190,Cincinnati,4
Adonai Mitchell,WR,14,10/8/2002,74,205,Texas; Georgia,2
Khalil Herbert,RB,14,4/21/1998,69,212,Virginia Tech,5
Keydrain Calligan,DB,14,12/4/2001,73,200,Southeastern Louisiana; Jackson State University,0
Anthony Walker,LB,14,8/8/1995,73,235,Northwestern,9
Joe Bachie,LB,14,2/26/1998,74,235,Michigan State,6
Andrew Wingard,DB,15,12/5/1996,72,200,Wyoming,7
Antonio Johnson,DB,15,10/29/2001,74,198,Texas A&M,3
Aydan White,DB,15,,,,,
Caleb Ransaw,DB,15,12/22/2002,72,196,Tulane; Troy,0
Cam'Ron Silmon-Craig,DB,15,10/30/2002,70,185,Colorado; Jackson State University,0
Christian Braswell,DB,15,9/27/1999,71,185,Rutgers; Temple,2
Deantre Prince,DB,15,10/12/2000,72,185,Mississippi,0
Doneiko Slaughter,DB,15,,,,,
Eric Murray,DB,15,1/7/1994,71,199,Minnesota,10
Jabbar Muhammad,DB,15,12/28/2001,70,185,Oregon; Washington; Oklahoma State,0
Jarrian Jones,DB,15,5/8/2001,71,190,Florida State; Mississippi State,2
Jourdan Lewis,DB,15,8/31/1995,70,190,Michigan,9
Keni-H Lovely,DB,15,5/12/2000,70,182,Western Michigan,1
Montaric Brown,DB,15,8/24/1999,72,190,Arkansas,4
Rayuan Lane III,DB,15,7/21/2003,71,197,Navy,0
Arik Armstead,DL,15,11/15/1993,79,290,Oregon,11
Austin Johnson,DL,15,5/8/1994,76,314,Penn State,9
BJ Green II,DL,15,7/3/2003,73,270,Colorado; Arizona State,0
DaVon Hamilton,DL,15,2/1/1997,76,335,Ohio State,6
Danny Striggow,DL,15,7/24/2002,77,255,Minnesota,0
Dawuane Smoot,DL,15,3/2/1995,75,275,Illinois,9
Emmanuel Ogbah,DL,15,11/6/1993,76,275,Oklahoma State,10
James Carpenter,DL,15,,,,,
Josh Hines-Allen,DL,15,7/13/1997,77,255,Kentucky,7
Keivie Rose,DL,15,12/14/2000,75,314,Arkansas; Louisiana Tech,0
Maason Smith,DL,15,10/13/2002,77,306,LSU,2
Matt Dickerson,DL,15,11/9/1995,77,300,UCLA,5
Travon Walker,DL,15,12/18/2000,77,272,Georgia,4
Cam Little,K,15,8/17/2003,73,172,Arkansas,2
Branson Combs,LB,15,7/14/2000,75,228,Wake Forest,0
Dennis Gardeck,LB,15,8/9/1994,72,232,Sioux Falls; West Virginia State,8
Devin Lloyd,LB,15,9/30/1998,75,235,Utah,4
Foye Oluokun,LB,15,8/2/1995,74,229,Yale,8
Jack Kiser,LB,15,9/10/2000,74,231,Notre Dame,0
Jalen McLeod,LB,15,6/5/2002,73,236,Auburn; Appalachian State,0
Ventrell Miller,LB,15,1/15/1999,72,232,Florida,3
Yasir Abdullah,LB,15,4/12/2000,73,240,Louisville,3
Ross Matiscik,LS,15,9/13/1996,72,240,Baylor,6
Anton Harrison,OL,15,2/2/2002,77,315,Oklahoma,3
Chuma Edoga,OL,15,5/25/1997,76,315,USC,7
Cole Van Lanen,OL,15,4/23/1998,76,312,Wisconsin,5
Cooper Hodges,OL,15,7/13/2000,76,305,Appalachian State,3
Dennis Daley,OL,15,8/7/1996,78,325,South Carolina; Georgia Military,6
Ezra Cleveland,OL,15,5/8/1998,78,311,Boise State,6
Jerome Carvin,OL,15,9/20/2000,77,307,Tennessee,1
Jonah Monheim,OL,15,6/7/2002,77,310,USC,0
Patrick Mekari,OL,15,8/13/1997,76,305,California,7
Ricky Lee,OL,15,11/16/1999,77,289,North Carolina A&T,2
Robert Hainsey,OL,15,8/12/1998,76,306,Notre Dame,5
Sal Wormley,OL,15,7/23/2001,75,327,Penn State,0
Tremayne Anchrum,OL,15,6/24/1998,74,314,Clemson,5
Walker Little,OL,15,4/1/1999,79,325,Stanford,5
Wyatt Milum,OL,15,12/27/2002,78,317,West Virginia,0
Logan Cooke,P,15,7/28/1995,77,230,Mississippi State,8
Nick Mullens,QB,15,3/21/1995,73,210,Southern Mississippi,7
Trevor Lawrence,QB,15,10/6/1999,78,220,Clemson,5
Bhayshul Tuten,RB,15,2/14/2002,69,209,Virginia Tech; North Carolina A&T,0
Ja'Quinden Jackson,RB,15,9/12/2001,74,233,Arkansas; Utah; Texas,0
Kevin Harris,RB,15,11/17/2000,70,225,South Carolina,2
LeQuint Allen Jr.,RB,15,8/5/2004,72,201,Syracuse,0
Travis Etienne,RB,15,1/26/1999,70,215,Clemson,5
Brenton Strange,TE,15,12/27/2000,76,253,Penn State,3
Hunter Long,TE,15,8/19/1998,77,243,Boston College,5
John Copenhaver,TE,15,,,,,
Johnny Mundt,TE,15,11/23/1994,76,243,Oregon,8
Jordan Akins,TE,15,4/19/1992,76,245,UCF,8
Patrick Herbert,TE,15,10/18/2000,77,255,Oregon,0
Quintin Morris,TE,15,1/21/1999,74,243,Bowling Green,4
Shawn Bowman,TE,15,5/16/2000,76,249,Rutgers; Maine,0
Austin Trammell,WR,15,7/4/1998,70,185,Rice,3
Brian Thomas Jr.,WR,15,10/8/2002,74,209,LSU,2
Cam Camper,WR,15,,,,,
Chandler Brayboy,WR,15,8/20/2001,73,199,Elon,0
Darius Lassiter,WR,15,,,,,
Dorian Singer,WR,15,,,,,
Dyami Brown,WR,15,11/1/1999,72,195,North Carolina,5
Erik Ezukanma,WR,15,1/25/2000,74,210,Texas Tech,3
Joshua Cephus,WR,15,3/5/2001,74,193,Texas-San Antonio,1
Parker Washington,WR,15,3/21/2002,70,204,Penn State,3
Tim Patrick,WR,15,11/23/1993,77,210,Utah; Grossmont,8
Travis Hunter,WR,15,5/18/2003,73,185,Colorado; Jackson State University,0
Jakobi Meyers,WR,15,11/9/1996,73,193,N.C. State,7
Kahlef Hailassie,DB,15,11/9/2000,73,195,Western Kentucky; Oregon,3
John Wolford,QB,15,10/16/1995,73,218,Wake Forest,5
Tim Jones,WR,15,5/15/1998,73,200,Southern Mississippi,4
Khalen Saunders,DL,15,8/9/1996,72,324,Western Illinois,7
Trenton Irwin,WR,15,12/10/1995,74,204,Stanford,6
Tank Bigsby,RB,15,8/30/2002,71,215,Auburn,3
Juan Thornhill,DB,15,10/19/1995,72,205,Virginia,7
Kilian Zierer,OL,15,2/24/2000,79,312,Auburn,2
Carter Bradley,QB,15,3/9/2000,75,213,South Alabama; Toledo,1
Azizi Hearn,DB,16,6/5/1999,73,204,UCLA; Arizona,1
Bryan Cook,DB,16,9/7/1999,73,206,Cincinnati; Howard,4
Chamarri Conner,DB,16,7/11/2000,72,202,Virginia Tech,3
Christian Roland-Wallace,DB,16,11/23/2001,71,202,USC; Arizona,2
Deon Bush,DB,16,8/14/1993,72,200,Miami,9
Eric Scott Jr.,DB,16,8/7/1999,74,202,Southern Mississippi,2
Glendon Miller,DB,16,,,,,
Jacobe Covington,DB,16,,,,,
Jaden Hicks,DB,16,8/16/2002,73,215,Washington State,2
Jaylen Watson,DB,16,9/17/1998,74,197,Washington State; Ventura,4
Joshua Williams,DB,16,10/17/1999,75,193,Fayetteville State University,4
Kevin Knowles,DB,16,4/9/2003,71,190,Florida State,0
Kristian Fulton,DB,16,9/3/1998,71,197,LSU,5
Major Williams,DB,16,,,,,
Melvin Smith Jr.,DB,16,4/12/2002,73,185,Southern Arkansas,0
Mike Edwards,DB,16,5/18/1996,70,205,Kentucky,7
Nazeeh Johnson,DB,16,7/17/1998,70,199,Marshall,4
Nohl Williams,DB,16,9/23/2002,73,200,California,0
Trent McDuffie,DB,16,9/13/2000,71,193,Washington,4
Ashton Gillotte,DL,16,10/30/2002,75,270,Louisville,0
BJ Thompson,DL,16,3/23/1999,78,243,Stephen F. Austin State,3
Charles Omenihu,DL,16,8/20/1997,77,280,Texas,7
Chris Jones,DL,16,7/3/1994,78,310,Mississippi State,10
Derrick Nnadi,DL,16,5/9/1996,73,317,Florida State,8
Ethan Downs,DL,16,10/13/2002,76,260,Oklahoma,0
Felix Anudike-Uzomah,DL,16,1/24/2002,76,255,Kansas State,3
George Karlaftis,DL,16,4/3/2001,76,263,Purdue,4
Janarius Robinson,DL,16,5/4/1998,77,263,Florida State,5
Jerry Tillery,DL,16,10/8/1996,78,295,Notre Dame,7
Malik Herring,DL,16,11/9/1997,75,275,Georgia,5
Marlon Tuipulotu,DL,16,5/31/1999,74,307,USC,5
Michael Danna,DL,16,12/4/1997,74,257,Michigan,6
Nate Matlack,DL,16,,,,,
Omarr Norman-Lott,DL,16,3/11/2002,75,315,Tennessee; Arizona State,0
Owen Carney,DL,16,2/8/1999,75,275,Illinois,0
Zacch Pickens,DL,16,3/6/2000,76,303,South Carolina,3
Harrison Butker,K,16,7/14/1995,76,205,Georgia Tech,9
Brandon George,LB,16,11/19/2000,75,240,Pittsburgh,0
Cole Christiansen,LB,16,7/30/1997,73,230,Army,2
Cooper McDonald,LB,16,8/7/2001,75,240,TCU; San Diego State,0
Drue Tranquill,LB,16,8/15/1995,74,234,Notre Dame,7
Ethan Downs,LB,16,10/13/2002,76,260,Oklahoma,0
Jack Cochrane,LB,16,2/9/1999,75,236,South Dakota,4
Jeffrey Bassa,LB,16,9/20/2002,74,235,Oregon,0
Leo Chenal,LB,16,10/26/2000,75,250,Wisconsin,4
Nick Bolton,LB,16,3/10/2000,71,237,Missouri,5
Tyreke Smith,LB,16,2/14/2000,75,255,Ohio State,3
Xander Mueller,LB,16,,,,,
James Winchester,LS,16,8/6/1989,75,240,Oklahoma,11
C.J. Hanson,OL,16,3/3/2001,77,300,Holy Cross,2
Chukwuebuka Godrick,OL,16,10/11/2000,77,293,,1
Creed Humphrey,OL,16,6/28/1999,76,302,Oklahoma,5
Ethan Driskell,OL,16,6/29/2000,80,313,Marshall,2
Hunter Nourzad,OL,16,11/26/2000,75,317,Penn State; Cornell,2
Jawaan Taylor,OL,16,11/25/1997,77,330,Florida,7
Jaylon Moore,OL,16,1/9/1998,76,311,Western Michigan,5
Joey Lombard,OL,16,,,,,
Josh Simmons,OL,16,12/26/2002,77,310,Ohio State; San Diego State,0
Kingsley Suamataia,OL,16,1/18/2003,76,326,BYU; Oregon,2
Mike Caliendo,OL,16,10/21/1997,76,300,Western Michigan,3
Trey Smith,OL,16,6/16/1999,78,321,Tennessee,5
Wanya Morris,OL,16,10/10/2000,78,307,Oklahoma; Tennessee,3
Matt Araiza,P,16,5/16/2000,74,200,San Diego State,2
Chris Oladokun,QB,16,9/3/1997,73,213,South Dakota State,1
Gardner Minshew,QB,16,5/16/1996,73,225,Washington State,7
Patrick Mahomes,QB,16,9/17/1995,74,225,Texas Tech,9
Brashard Smith,RB,16,4/11/2003,70,196,SMU; Miami,0
Carson Steele,RB,16,10/1/2002,72,228,UCLA; Ball State,2
Clyde Edwards-Helaire,RB,16,4/11/1999,67,207,LSU,6
Isiah Pacheco,RB,16,3/2/1999,70,216,Rutgers,4
Kareem Hunt,RB,16,8/6/1995,71,216,Toledo,9
Keaontay Ingram,RB,16,10/26/1999,72,221,USC,3
Geor'Quarius Spivey,TE,16,,,,,
Jake Briningstool,TE,16,12/9/2002,78,240,Clemson,0
Jared Wiley,TE,16,11/2/2000,78,249,TCU; Texas,2
Noah Gray,TE,16,4/30/1999,75,240,Duke,5
Robert Tonyan,TE,16,4/30/1994,77,240,Indiana State,7
Travis Kelce,TE,16,10/5/1989,77,250,Cincinnati,13
Tre Watson,TE,16,10/12/2002,77,250,Texas A&M; Fresno State,0
Elijhah Badger,WR,16,,,,,
Jalen Royals,WR,16,2/18/2003,72,195,Utah State,0
Jason Brownlee,WR,16,1/30/1999,75,202,Southern Mississippi,2
JuJu Smith-Schuster,WR,16,11/22/1996,73,215,USC,9
Key'Shawn Smith,WR,16,,,,,
Marquise Brown,WR,16,6/4/1997,69,180,Oklahoma; College of the Canyons,7
Nikko Remigio,WR,16,11/4/1999,69,187,Fresno State,1
Rashee Rice,WR,16,4/22/2000,73,203,SMU,3
Tyquan Thornton,WR,16,8/7/2000,74,185,Baylor,4
Xavier Worthy,WR,16,4/27/2003,71,165,Texas,2
Brodric Martin,DL,16,5/24/1999,77,326,Western Kentucky,3
Matt Waletzko,OL,16,12/15/1999,80,320,North Dakota,4
Elijah Mitchell,RB,16,5/2/1998,70,200,Louisiana-Lafayette,5
Esa Pole,OL,16,7/4/2001,79,319,Washington State; Chabot College,0
Jimmy Holiday,WR,16,12/16/2001,73,211,Louisiana Tech; Western Kentucky; Tennessee,0
Mac Dalena,WR,16,,,,,
Michael Wiley,RB,16,11/10/2001,70,209,Arizona,1
Hal Presley,WR,16,1/22/2002,75,210,Baylor,0
Kam Arnold,LB,16,2/19/2002,73,229,Boston College,0
Ahkello Witherspoon,DB,19,3/21/1995,74,195,Colorado; Sacramento City,9
Cam Lampkin,DB,19,7/31/2001,71,176,Washington State; Utah State,1
Cobie Durant,DB,19,2/9/1998,71,182,South Carolina State,4
Darious Williams,DB,19,3/15/1993,69,192,UAB,8
Emmanuel Forbes,DB,19,1/13/2001,72,180,Mississippi State,3
Jaylen McCollough,DB,19,10/12/2000,72,202,Tennessee,2
Josh Wallace,DB,19,7/5/2000,72,190,Michigan; UMass Amherst,2
Kam Curl,DB,19,3/3/1999,74,205,Arkansas,6
Kamren Kinchens,DB,19,9/29/2002,71,207,Miami,2
Malik Dixon-Williams,DB,19,,,,,
Nate Valcarcel,DB,19,5/23/2002,73,192,Northern Illinois; South Dakota,0
Quentin Lake,DB,19,1/29/1999,73,196,UCLA,4
Shaun Jolly,DB,19,10/17/1998,69,186,Appalachian State,3
Tanner Ingle,DB,19,10/29/1999,68,195,N.C. State,1
Bill Norton,DL,19,7/7/2000,78,335,Texas; Arizona; Georgia,0
Braden Fiske,DL,19,1/18/2000,77,291,Florida State; Western Michigan,2
Da'Jon Terry,DL,19,,,,,
Decarius Hawthorne,DL,19,,,,,
Desjuan Johnson,DL,19,9/2/1999,75,280,Toledo,3
Jack Heflin,DL,19,3/8/1998,75,304,Iowa,2
Kobie Turner,DL,19,4/26/1999,74,297,Wake Forest,3
Larrell Murchison,DL,19,4/24/1997,74,285,N.C. State; Louisburg,6
Poona Ford,DL,19,11/19/1995,71,310,Texas,8
Ty Hamilton,DL,19,4/15/2002,75,295,Ohio State,0
Tyler Davis,DL,19,11/1/2000,74,300,Clemson,2
Byron Young,LB,19,3/13/1998,74,258,Tennessee,3
Elias Neal,LB,19,9/11/2001,72,226,Marshall,2
Jared Verse,LB,19,11/4/2000,76,260,Florida State; Albany,2
Jesse Luketa,LB,19,1/15/1999,75,252,Penn State,4
Josaiah Stewart,LB,19,4/26/2003,73,249,Michigan; Coastal Carolina,0
Josh Pearcy,LB,19,,,,,
Keir Thomas,LB,19,1/25/1998,74,260,Florida State,3
Nate Landman,LB,19,11/19/1998,75,235,Colorado,4
Nick Hampton,LB,19,4/5/2000,75,250,Appalachian State,3
Omar Speights,LB,19,3/2/2001,73,228,LSU; Oregon State,2
Shaun Dolac,LB,19,9/14/2001,73,225,Buffalo,0
Tony Fields II,LB,19,6/18/1999,72,222,West Virginia,4
Troy Reeder,LB,19,9/13/1994,75,236,Delaware,7
Alex Ward,LS,19,4/21/1999,76,240,UCF,3
Jake McQuaide,LS,19,12/7/1987,74,238,Ohio State,15
A.J. Arcuri,OL,19,8/13/1997,79,308,Michigan State,2
Alaric Jackson,OL,19,7/14/1998,79,345,Iowa,5
Beaux Limmer,OL,19,6/10/2001,77,312,Arkansas,2
Ben Dooley,OL,19,,,,,
Coleman Shelton,OL,19,7/28/1995,77,285,Washington,7
D.J. Humphries,OL,19,12/28/1993,77,307,Florida,11
David Quessenberry,OL,19,8/24/1990,77,310,San Jose State,8
Dylan McMahon,OL,19,1/22/2001,75,298,N.C. State,2
John Leglue,OL,19,4/17/1996,79,310,Tulane,2
Justin Dedich,OL,19,4/21/2000,74,300,USC,2
Kevin Dotson,OL,19,9/18/1996,76,330,Louisiana-Lafayette,6
Mike Mcallister,OL,19,6/12/1999,74,308,Youngstown State,1
Rob Havenstein,OL,19,5/13/1992,80,323,Wisconsin,11
Steve Avila,OL,19,10/16/1999,75,338,TCU,3
Warren McClendon Jr.,OL,19,4/11/2001,76,317,Georgia,3
Ethan Evans,P,19,7/19/2001,75,250,Wingate,3
Dresser Winn,QB,19,11/11/1998,75,215,Tennessee-Martin,0
Jimmy Garoppolo,QB,19,11/2/1991,74,225,Eastern Illinois,12
Matthew Stafford,QB,19,2/7/1988,75,214,Georgia,17
Stetson Bennett,QB,19,10/28/1997,71,190,Georgia; Jones County JC,2
Blake Corum,RB,19,11/25/2000,68,210,Michigan,2
Jarquez Hunter,RB,19,12/29/2002,70,209,Auburn,0
Jordan Waters,RB,19,,,,,
Kyren Williams,RB,19,8/26/2000,69,202,Notre Dame,4
Ronnie Rivers,RB,19,1/31/1999,69,192,Fresno State,4
Colby Parkinson,TE,19,1/7/1999,79,265,Stanford,6
Davis Allen,TE,19,2/3/2001,78,251,Clemson,3
Mark Redman,TE,19,1/20/2002,77,255,Louisville; San Diego State,0
Terrance Ferguson,TE,19,3/7/2003,77,255,Oregon,0
Tyler Higbee,TE,19,1/1/1993,78,255,Western Kentucky,10
Brennan Presley,WR,19,2/2/2002,68,174,Oklahoma State,0
Davante Adams,WR,19,12/24/1992,73,215,Fresno State,12
Drake Stoops,WR,19,6/16/1999,70,189,Oklahoma,0
Jordan Whittington,WR,19,10/1/2000,73,202,Texas,2
Konata Mumpfield,WR,19,10/24/2002,73,185,Pittsburgh; Akron,0
Mario Williams,WR,19,,,,,
Puka Nacua,WR,19,5/29/2001,74,212,BYU; Washington,3
Tru Edwards,WR,19,6/9/2001,75,201,Louisiana Tech; Hawaii; Navarro,0
Tutu Atwell,WR,19,10/7/1999,69,165,Louisville,5
Xavier Smith,WR,19,9/21/1997,69,176,Florida A&M,2
Chris Smith II,DB,19,5/1/2000,70,197,Georgia,3
A.J. Green,DB,19,6/9/1998,74,198,Oklahoma State,3
Nick Vannett,TE,19,3/6/1993,78,257,Ohio State,10
Harrison Mevis,K,19,3/27/2002,72,245,Missouri,1
Ben Niemann,LB,19,7/27/1995,74,235,Iowa,8
Tre Brown,DB,19,9/24/1997,70,185,Oklahoma,5
Derion Kendrick,DB,19,8/24/2000,72,190,Georgia; Clemson,4
Roger McCreary,DB,19,2/10/2000,71,190,Auburn,4
Benjamin St-Juste,DB,18,9/8/1997,75,200,Minnesota,5
Cam Hart,DB,18,12/5/2000,74,207,Notre Dame,2
Deane Leonard,DB,18,11/20/1999,72,195,Mississippi,4
Derwin James,DB,18,8/3/1996,74,215,Florida State,8
Donte Jackson,DB,18,11/8/1995,70,180,LSU,7
Elijah Molden,DB,18,1/30/1999,70,191,Washington,5
Emany Johnson,DB,18,11/17/2000,74,218,Nevada,1
Eric Rogers,DB,18,4/2/2002,74,189,Rutgers,0
Harrison Hand,DB,18,11/12/1998,71,185,Temple,3
Jaylen Jones,DB,18,,,,,
Jordan Oladokun,DB,18,7/29/2002,72,190,Bowling Green; Samford,0
Kendall Williamson,DB,18,8/24/2000,72,203,Stanford,1
Marcus Maye,DB,18,3/9/1993,72,207,Florida,9
Marcus Williams,DB,18,9/8/1996,73,204,Utah,9
Nehemiah Shelton,DB,18,9/13/1999,74,185,San Jose State,1
Nikko Reed,DB,18,3/3/2003,70,180,Oregon; Colorado,0
R.J. Mickens,DB,18,7/10/2001,72,210,Clemson,0
Tarheeb Still,DB,18,6/9/2002,73,196,Maryland,2
Tony Jefferson,DB,18,1/27/1992,71,211,Oklahoma,11
Christopher Hinton,DL,18,9/14/2000,76,310,Michigan,2
Da'Shawn Hand,DL,18,11/14/1995,75,302,Alabama,8
Jamaree Caldwell,DL,18,8/30/2000,73,340,Oregon; Houston; Independence Comm. College,0
Josh Fuga,DL,18,2/14/2001,74,313,Virginia Tech,0
Justin Eboigbe,DL,18,4/9/2001,77,292,Alabama,2
Kyle Peko,DL,18,7/23/1993,73,305,Oregon State; Cerritos College,7
Nesta Jade Silvera,DL,18,1/23/2000,74,315,Arizona State; Miami,2
Otito Ogbonnia,DL,18,8/25/2000,76,320,UCLA,4
TeRah Edwards,DL,18,6/3/2001,74,305,Illinois; Northwestern,0
Teair Tart,DL,18,2/28/1997,74,315,Florida International,6
Cameron Dicker,K,18,5/6/2000,73,216,Texas,4
Bud Dupree,LB,18,2/12/1993,76,269,Kentucky,11
Daiyan Henley,LB,18,11/18/1999,73,225,Washington State; Nevada,3
Del'Shawn Phillips,LB,18,10/9/1996,74,230,Illinois,6
Denzel Perryman,LB,18,12/5/1992,71,240,Miami,11
Emany Johnson,LB,18,11/17/2000,74,218,Nevada,1
Garmon Randolph,LB,18,10/5/2000,80,260,Baylor,0
Junior Colson,LB,18,12/6/2002,75,247,Michigan,2
Khalil Mack,LB,18,2/22/1991,75,269,Buffalo,12
Kylan Guidry,LB,18,,,,,
Kyle Kennard,LB,18,12/12/2001,77,254,South Carolina,0
Marlowe Wax,LB,18,12/13/2002,73,236,Syracuse,0
Tre'Mon Morris-Brash,LB,18,9/29/2000,74,245,UCF,0
Troy Dye,LB,18,9/18/1996,75,225,Oregon,6
Tuli Tuipulotu,LB,18,9/3/2002,75,266,USC,3
Josh Harris,LS,18,4/27/1989,73,224,Auburn,14
Peter Bowden,LS,18,1/24/2001,74,242,Wisconsin,1
Rick Lovato,LS,18,9/9/1992,74,249,Old Dominion,9
Andre James,OL,18,5/2/1997,76,300,UCLA,7
Austin Deculus,OL,18,3/12/1999,77,321,LSU,3
Bradley Bozeman,OL,18,11/24/1994,77,325,Alabama,8
Branson Taylor,OL,18,2/13/2002,78,330,Pittsburgh,0
Corey Stewart,OL,18,,,,,
Foster Sarell,OL,18,8/28/1998,78,322,Stanford,4
Jamaree Salyer,OL,18,7/13/2000,76,325,Georgia,4
Joe Alt,OL,18,2/28/2003,80,322,Notre Dame,2
Josh Kaltenberger,OL,18,8/10/2001,78,308,Maryland; Purdue,0
Mekhi Becton,OL,18,4/18/1999,79,363,Louisville,6
Rashawn Slater,OL,18,3/26/1999,76,315,Northwestern,5
Ryan Nelson,OL,18,,,,,
Savion Washington,OL,18,4/12/2002,81,340,Syracuse; Colorado; Kent State,0
Trey Pipkins,OL,18,9/5/1996,78,307,Sioux Falls,7
Zion Johnson,OL,18,11/18/1999,75,316,Boston College; Davidson,4
J.K. Scott,P,18,10/30/1995,77,208,Alabama,7
DJ Uiagalelei,QB,18,4/17/2001,76,252,Florida State; Oregon State; Clemson,0
Justin Herbert,QB,18,3/10/1998,78,236,Oregon,6
Taylor Heinicke,QB,18,3/15/1993,73,210,Old Dominion,10
Trey Lance,QB,18,5/9/2000,76,226,North Dakota State,5
Amar Johnson,RB,18,1/31/2003,70,205,South Dakota State,0
Hassan Haskins,RB,18,11/26/1999,74,228,Michigan,4
Jaret Patterson,RB,18,12/23/1999,68,195,Buffalo,2
Kimani Vidal,RB,18,8/28/2001,68,215,Troy,2
Najee Harris,RB,18,3/9/1998,73,242,Alabama,5
Omarion Hampton,RB,18,3/16/2003,72,220,North Carolina,0
Scott Matlock,RB,18,6/28/2000,76,296,Boise State,3
Oronde Gadsden II,TE,18,6/25/2003,77,236,Syracuse,0
Stevo Klotz,TE,18,,,,,
Thomas Yassmin,TE,18,10/21/1999,77,251,Utah,1
Tucker Fisk,TE,18,1/19/1999,76,285,Stanford,2
Tyler Conklin,TE,18,7/30/1995,75,248,Central Michigan; Northwood,8
Will Dissly,TE,18,7/8/1996,76,265,Washington,8
Derius Davis,WR,18,9/11/2000,68,165,TCU,3
JaQuae Jackson,WR,18,1/30/2000,73,184,Rutgers; California (PA),2
Jalen Reagor,WR,18,1/2/1999,71,197,TCU,6
Jaylen Johnson,WR,18,5/26/2000,74,194,East Carolina; Georgia,0
KeAndre Lambert-Smith,WR,18,10/16/2001,73,182,Auburn; Penn State,0
Keenan Allen,WR,18,4/27/1992,74,211,California,13
Ladd McConkey,WR,18,11/11/2001,72,185,Georgia,2
Luke Grimm,WR,18,8/8/2001,72,190,Kansas,0
Mike Williams,WR,18,10/4/1994,76,218,Clemson,9
Quentin Johnston,WR,18,9/6/2001,74,208,TCU,3
Tre Harris,WR,18,2/28/2002,75,210,Mississippi; Louisiana Tech,0
Brenden Rice,WR,18,3/18/2002,75,210,USC; Colorado,2
Caleb Murphy,LB,18,12/15/1999,75,254,Ferris State; Grand Valley,3
Trevor Penning,OL,18,5/15/1999,79,325,Northern Iowa,4
Nyheim Hines,RB,18,11/12/1996,69,196,N.C. State,6
Myles Purchase,DB,18,11/26/2002,71,205,Iowa State,0
Ja'Sir Taylor,DB,18,1/8/1999,70,185,Wake Forest,4
Rashad Weaver,LB,18,11/10/1997,76,259,Pittsburgh,5
Kana'i Mauga,LB,18,1/8/2000,74,245,USC,3
David Sharpe,OL,18,10/21/1995,78,343,Florida,6
Isas Waxter,DB,18,9/17/2001,74,215,Villanova,0
Clelin Ferrell,LB,18,5/17/1997,76,265,Clemson,7
Michael Dunn,OL,18,8/28/1994,77,315,Maryland,6
Clelin Ferrell,DL,18,5/17/1997,76,265,Clemson,7
Bobby Hart,OL,18,8/21/1994,77,310,Florida State,9
Darien Porter,DB,17,1/6/2001,74,195,Iowa State,0
Darnay Holmes,DB,17,6/23/1998,70,198,UCLA,6
Decamerion Richardson,DB,17,3/16/2001,74,192,Mississippi State,2
Eric Stokes,DB,17,3/1/1999,72,194,Georgia,5
Greedy Vance,DB,17,10/8/2001,69,177,USC; Florida State; Louisville,0
Hudson Clark,DB,17,,,,,
Isaiah Pola-Mao,DB,17,6/30/1999,76,205,USC,4
Jeremy Chinn,DB,17,2/26/1998,75,220,Southern Illinois,6
John Humphrey,DB,17,,,,,
Kyu Blu Kelly,DB,17,5/22/2001,72,188,Stanford,2
Kyu Kelly,DB,17,5/22/2001,72,188,Stanford,2
Lonnie Johnson,DB,17,11/4/1995,74,221,Kentucky,7
Terrell Edmunds,DB,17,1/20/1997,73,217,Virginia Tech,8
Trey Taylor,DB,17,1/30/2001,72,213,Air Force,0
Tristin McCollum,DB,17,5/3/1999,75,195,Sam Houston State,2
Adam Butler,DL,17,4/12/1994,77,300,Vanderbilt,8
Anthony Booker,DL,17,,,,,
Charles Snowden,DL,17,3/27/1998,78,250,Virginia,2
JJ Pegues,DL,17,11/25/2001,74,325,Mississippi; Auburn,0
Jah Joyner,DL,17,,,,,
Jahfari Harvey,DL,17,5/2/2001,74,255,SMU; Miami,0
Jonah Laulu,DL,17,6/30/2000,77,289,Oklahoma; Hawaii,2
Keondre Coburn,DL,17,5/23/2000,74,332,Texas,2
Laki Tasi,DL,17,10/24/2003,78,373,,0
Malcolm Koonce,DL,17,6/6/1998,74,243,Buffalo,5
Maxx Crosby,DL,17,8/22/1997,77,255,Eastern Michigan,7
Ovie Oghoufo,DL,17,3/27/2000,76,250,LSU; Texas; Notre Dame,0
Thomas Booker,DL,17,11/11/1999,75,301,Stanford,3
Tonka Hemingway,DL,17,10/31/2001,74,284,South Carolina,0
Treven Ma'ae,DL,17,2/26/2001,75,291,Baylor; Oregon,0
Tyree Wilson,DL,17,5/20/2000,77,263,Texas Tech,3
Daniel Carlson,K,17,1/23/1995,77,215,Auburn,8
Greg Joseph,K,17,8/4/1994,72,206,Florida Atlantic,6
Brennan Jackson,LB,17,10/14/2000,76,263,Washington State,2
Cody Lindenberg,LB,17,1/15/2002,74,236,Minnesota,0
Devin White,LB,17,2/17/1998,72,252,LSU,7
Elandon Roberts,LB,17,4/22/1994,71,235,Houston; Morgan State,10
Jamal Adams,LB,17,10/17/1995,73,213,LSU,9
Jaylon Smith,LB,17,6/14/1995,74,240,Notre Dame,7
Matt Jones,LB,17,,,,,
Michael Barrett,LB,17,12/21/1999,72,230,Michigan,0
Tommy Eichenberg,LB,17,1/11/2001,74,233,Ohio State,2
Jacob Bobenmoyer,LS,17,5/28/1997,72,235,Northern Colorado,6
Alex Cappa,OL,17,1/27/1995,77,312,Humboldt State,8
Atonio Mafi,OL,17,10/20/2000,75,329,UCLA,2
Caleb Rogers,OL,17,10/3/2001,76,312,Texas Tech,0
Charles Grant,OL,17,3/22/2002,76,304,William & Mary,0
DJ Glaze,OL,17,8/4/2002,76,331,Maryland,2
Dalton Wagner,OL,17,10/5/1998,80,320,Arkansas,2
Dylan Parham,OL,17,8/24/1999,74,332,Memphis,4
Gottlieb Ayedze,OL,17,4/10/2000,77,320,Maryland; Frostburg State,0
Jackson Powers-Johnson,OL,17,1/23/2003,75,325,Oregon,2
Jarrod Hufford,OL,17,,,,,
Jordan Meredith,OL,17,1/4/1998,74,300,Western Kentucky,3
Kolton Miller,OL,17,10/9/1995,80,325,UCLA,8
Parker Clements,OL,17,,,,,
Stone Forsythe,OL,17,12/29/1997,80,307,Florida,5
Will Putnam,OL,17,8/13/2000,76,301,Clemson,1
AJ Cole,P,17,11/27/1995,76,220,N.C. State,7
Aidan O'Connell,QB,17,9/1/1998,75,206,Purdue,3
Geno Smith,QB,17,10/10/1990,75,221,West Virginia,13
Kenny Pickett,QB,17,6/6/1998,75,220,Pittsburgh,4
Ashton Jeanty,RB,17,12/2/2003,68,208,Boise State,0
Chris Collier,RB,17,3/24/2000,70,203,University of Lock Haven,2
Dylan Laube,RB,17,12/14/1999,69,204,New Hampshire,2
Raheem Mostert,RB,17,4/9/1992,70,212,Purdue,11
Zamir White,RB,17,9/18/1999,71,227,Georgia,4
Albert Okwuegbunam,TE,17,4/25/1998,77,258,Missouri,6
Brock Bowers,TE,17,12/13/2002,75,235,Georgia,2
Carter Runyon,TE,17,7/23/2001,76,246,Towson; Shenandoah University,0
Ian Thomas,TE,17,6/6/1996,75,253,Indiana; Nassau CC,8
Justin Shorter,TE,17,4/17/2000,76,227,Florida; Penn State,3
Michael Mayer,TE,17,7/6/2001,76,256,Notre Dame,3
Alex Bachman,WR,17,5/29/1996,72,190,Wake Forest,2
Amari Cooper,WR,17,6/17/1994,73,210,Alabama,10
Collin Johnson,WR,17,9/23/1997,78,220,Texas,4
DJ Turner,WR,17,1/18/1997,69,206,Pittsburgh; Maryland,4
Dont'e Thornton Jr.,WR,17,11/30/2002,77,205,Tennessee; Oregon,0
Jack Bech,WR,17,12/18/2002,73,214,TCU; LSU,0
Justin Shorter,WR,17,4/17/2000,76,227,Florida; Penn State,3
Ketron Jackson Jr.,WR,17,,,,,
Marquez Callaway,WR,17,3/27/1998,74,204,Tennessee,4
Phillip Dorsett,WR,17,1/5/1993,70,192,Miami,9
Shedrick Jackson,WR,17,10/20/1999,73,198,Auburn,1
Tre Tucker,WR,17,3/8/2001,68,182,Cincinnati,3
Cam Miller,QB,17,6/18/2001,72,211,North Dakota State,0
Leroy Watson IV,OL,17,6/10/1998,77,311,Texas-San Antonio,3
Amari Gainer,LB,17,6/22/2000,75,232,North Carolina; Florida State,2
Layden Robinson,OL,17,5/3/2001,75,311,Texas A&M,2
McClendon Curtis,OL,17,9/16/1999,78,335,Tennessee-Chattanooga,2
JT Woods,DB,17,6/10/2000,74,195,Baylor,3
Jamin Davis,LB,17,12/12/1998,76,234,Kentucky,5
Jon Rhattigan,LB,17,2/2/1999,72,236,Army,5
Tyler Lockett,WR,17,9/28/1992,70,182,Kansas State,11
Artie Burns,DB,20,5/1/1995,72,187,Miami,10
Ashtyn Davis,DB,20,10/10/1996,73,205,California,6
BJ Adams,DB,20,,,,,
Cam Smith,DB,20,12/21/2000,73,186,South Carolina,3
Cameron Dantzler,DB,20,9/3/1998,74,190,Mississippi State,4
Cornell Armstrong,DB,20,9/22/1995,72,185,Southern Mississippi,5
Dante Trader Jr.,DB,20,2/13/2003,71,202,Maryland,0
Elijah Campbell,DB,20,8/24/1995,71,200,Northern Iowa,6
Ethan Bonner,DB,20,10/23/1999,73,190,Stanford,2
Ethan Robinson,DB,20,4/30/2003,72,190,Minnesota; Bucknell,0
Ifeatu Melifonwu,DB,20,5/2/1999,75,210,Syracuse,5
Isaiah Johnson,DB,20,3/29/2000,75,205,Syracuse; Dartmouth,1
Jack Jones,DB,20,12/20/1997,71,175,Arizona State,4
Jason Maitre,DB,20,2/1/2000,70,188,Wisconsin; Boston College,1
Jason Marshall Jr.,DB,20,9/6/2002,72,204,Florida,0
Jordan Colbert,DB,20,3/18/2000,74,218,Rhode Island,1
Julius Brents,DB,20,1/18/2000,75,198,Kansas State,3
Kader Kohou,DB,20,11/28/1998,70,197,East Texas A&M,4
Kendall Sheffield,DB,20,5/30/1996,70,212,Ohio State; Blinn College; Alabama,5
Minkah Fitzpatrick,DB,20,11/17/1996,73,207,Alabama,8
Rasul Douglas,DB,20,8/29/1994,74,209,West Virginia; Nassau CC,9
Storm Duck,DB,20,12/15/2000,72,195,Louisville,2
Alex Huntley,DL,20,10/8/2001,76,298,South Carolina,0
Benito Jones,DL,20,11/27/1997,73,335,Mississippi,5
Derrick McLendon,DL,20,9/29/2000,76,250,Colorado; Florida State,1
Jordan Phillips,DL,20,6/30/2004,75,305,Maryland; Tennessee,0
Kenneth Grant,DL,20,10/27/2003,75,335,Michigan,0
Matthew Butler,DL,20,6/10/1999,75,305,Tennessee,3
Zach Sieler,DL,20,9/7/1995,78,300,Ferris State,8
Zeek Biggers,DL,20,10/4/2003,78,319,Georgia Tech,0
Jason Sanders,K,20,11/16/1995,71,195,New Mexico,8
Riley Patterson,K,20,9/7/1999,72,195,Memphis,5
Bradley Chubb,LB,20,6/24/1996,76,268,N.C. State,8
Caleb Johnson,LB,20,7/28/1998,74,220,Houston Christian University,5
Cameron Goode,LB,20,4/15/1998,75,245,California,3
Chop Robinson,LB,20,1/2/2003,75,254,Penn State; Maryland,2
Dequan Jackson,LB,20,10/7/1999,73,255,Colorado State,1
Grayson Murphy,LB,20,10/13/2000,74,260,UCLA; North Texas,0
Jordyn Brooks,LB,20,10/21/1997,72,240,Texas Tech,6
K.J. Britt,LB,20,6/4/1999,72,240,Auburn,5
Quinton Bell,LB,20,5/9/1996,76,258,Prairie View A&M,4
Tyrel Dodson,LB,20,6/25/1998,72,237,Texas A&M,6
Willie Gay Jr.,LB,20,2/15/1998,73,246,Mississippi State,6
Joe Cardona,LS,20,4/16/1992,74,241,Navy,11
Aaron Brewer,OL,20,10/28/1997,73,295,Texas State-San Marcos,6
Addison West,OL,20,,,,,
Andrew Meyer,OL,20,1/14/2000,75,295,Texas-El Paso,2
Austin Jackson,OL,20,8/11/1999,77,310,USC,6
Braeden Daniels,OL,20,8/22/2000,76,305,Utah,2
Daniel Brunskill,OL,20,1/27/1994,77,300,San Diego State,7
Germain Ifedi,OL,20,6/2/1994,77,325,Texas A&M,10
Jackson Carman,OL,20,1/22/2000,77,322,Clemson,4
Jalen McKenzie,OL,20,7/10/1999,77,315,USC,1
James Daniels,OL,20,9/13/1997,76,320,Iowa,8
Jonah Savaiinaea,OL,20,1/13/2004,77,326,Arizona,0
Josh Priebe,OL,20,7/30/2001,77,305,Michigan; Northwestern,0
Kendall Lamm,OL,20,6/5/1992,77,305,Appalachian State,10
Kion Smith,OL,20,10/7/1998,77,300,Fayetteville State University,3
Larry Borom,OL,20,3/30/1999,77,325,Missouri,5
Liam Eichenberg,OL,20,1/19/1998,78,302,Notre Dame,5
Mason Brooks,OL,20,10/11/1999,78,315,Mississippi; Western Kentucky,1
Obinna Eze,OL,20,6/12/1998,78,325,TCU; Memphis,1
Patrick Paul,OL,20,11/1/2001,79,326,Houston,2
Terron Armstead,OL,20,7/23/1991,77,304,University of Arkansas at Pine Bluff,12
Yodny Cajuste,OL,20,2/21/1996,77,310,West Virginia,5
Jake Bailey,P,20,6/18/1997,74,212,Stanford,7
Quinn Ewers,QB,20,3/15/2003,74,209,Texas; Ohio State,0
Tua Tagovailoa,QB,20,3/2/1998,73,225,Alabama,6
Zach Wilson,QB,20,8/3/1999,74,214,BYU,5
Aaron Shampklin,RB,20,10/18/1999,70,195,Harvard,1
Alec Ingold,RB,20,7/9/1996,73,232,Wisconsin,7
Alexander Mattison,RB,20,6/19/1998,71,220,Boise State,7
De'Von Achane,RB,20,10/13/2001,69,191,Texas A&M,3
JaMycal Hasty,RB,20,9/12/1996,68,205,Baylor,6
Jaylen Wright,RB,20,4/1/2003,70,208,Tennessee,2
Jeff Wilson,RB,20,11/16/1995,72,205,North Texas,8
Mike Boone,RB,20,7/30/1995,70,206,Cincinnati,7
Ollie Gordon II,RB,20,1/15/2004,74,225,Oklahoma State,0
Chris Myarick,TE,20,10/6/1995,77,261,Temple,4
Darren Waller,TE,20,9/13/1992,78,238,Georgia Tech,8
Greg Dulcich,TE,20,3/26/2000,76,245,UCLA,4
Jalin Conyers,TE,20,7/25/2001,76,265,Texas Tech; Arizona State; Oklahoma,0
Julian Hill,TE,20,7/9/2000,76,251,Campbell University,3
A.J. Henning,WR,20,9/9/2001,70,192,Northwestern; Michigan,0
Dee Eskridge,WR,20,3/23/1997,69,190,Western Michigan,5
Jaylen Waddle,WR,20,11/25/1998,70,185,Alabama,5
Malik Washington,WR,20,10/20/2000,68,195,Virginia; Northwestern,2
Nick Westbrook-Ikhine,WR,20,3/21/1997,74,211,Indiana,6
Tahj Washington,WR,20,5/16/2001,70,175,USC; Memphis,2
Theo Wease Jr.,WR,20,6/25/2001,74,210,Missouri; Oklahoma,0
Tyreek Hill,WR,20,3/1/1994,70,191,West Alabama; Garden City CC; Oklahoma State,10
John Saunders Jr.,DB,20,10/24/2001,74,210,Mississippi; Miami (Ohio),0
Cedrick Wilson Jr.,WR,20,11/20/1995,74,197,Boise State; Coffeyville CC,8
Tanner Conner,TE,20,3/20/1998,75,237,Idaho State,3
Jaelan Phillips,LB,20,5/28/1999,77,263,Miami,5
Jack Henderson,DB,20,12/26/2001,74,215,Minnesota; Southeastern Louisiana,0
Clarence Lewis,DB,20,12/8/2000,72,201,Syracuse; Notre Dame,0
Donovan Edwards,RB,20,2/25/2003,73,212,Michigan,0
Byron Murphy,DB,21,1/18/1998,71,190,Washington,7
Dwight McGlothern,DB,21,2/6/2002,74,185,Arkansas,2
Fabian Moreau,DB,21,4/9/1994,72,204,UCLA,9
Harrison Smith,DB,21,2/2/1989,74,211,Notre Dame,14
Isaiah Rodgers,DB,21,1/7/1998,70,180,UMass Amherst,5
Jay Ward,DB,21,7/13/2000,73,188,LSU,3
Jeff Okudah,DB,21,2/2/1999,73,205,Ohio State,6
Josh Metellus,DB,21,1/21/1998,71,207,Michigan,6
Mishael Powell,DB,21,,,,,
Tavierre Thomas,DB,21,3/11/1996,70,212,Ferris State,8
Theo Jackson,DB,21,10/2/1998,73,205,Tennessee,4
Zemaiah Vaughn,DB,21,4/2/2002,75,187,Utah,0
Alex Williams,DL,21,1/20/2000,79,291,Middle Tennessee State; Vanderbilt; Ohio State,0
Elijah Williams,DL,21,9/9/2002,75,298,Morgan State,0
Jalen Redmond,DL,21,3/12/1999,75,305,Oklahoma,2
Javon Hargrave,DL,21,2/7/1993,74,307,South Carolina State,10
Jonathan Allen,DL,21,1/16/1995,75,300,Alabama,9
Jonathan Harris,DL,21,8/4/1996,77,295,Lindenwood,5
Levi Drake Rodriguez,DL,21,8/4/2000,74,307,Texas A&M-Commerce,2
Taki Taimani,DL,21,10/6/1999,73,309,Oregon; Washington,2
Travis Bell,DL,21,10/27/1998,73,305,Kennesaw State,2
Tyler Batty,DL,21,5/2/1999,77,271,BYU,0
Tyrion Ingram-Dawkins,DL,21,6/26/2003,77,290,Georgia,0
Will Reichard,K,21,1/9/2001,73,190,Alabama,2
Andrew Van Ginkel,LB,21,7/1/1995,76,242,Wisconsin; Iowa Western CC; South Dakota,7
Blake Cashman,LB,21,5/10/1996,73,235,Minnesota,7
Bo Richter,LB,21,8/13/2000,73,248,Air Force,2
Cam Gill,LB,21,12/14/1997,75,240,Wagner,5
Chaz Chambliss,LB,21,10/25/2002,73,244,Georgia,0
Dallas Turner,LB,21,2/2/2003,75,247,Alabama,2
Eric Wilson,LB,21,9/26/1994,73,230,Cincinnati; Northwestern,9
Gabriel Murphy,LB,21,10/13/2000,74,247,UCLA; North Texas,2
Ivan Pace Jr.,LB,21,12/16/2000,70,236,Cincinnati; Miami (Ohio),3
Jonathan Greenard,LB,21,5/25/1997,75,259,Florida; Louisville,6
Sione Takitaki,LB,21,6/8/1995,73,245,BYU,7
Tyler Batty,LB,21,5/2/1999,77,271,BYU,0
Andrew DePaola,LS,21,7/28/1987,73,227,Rutgers,11
Blake Brandel,OL,21,1/23/1997,79,315,Oregon State,5
Brian O'Neill,OL,21,9/15/1995,79,310,Pittsburgh,8
Christian Darrisaw,OL,21,6/2/1999,77,315,Virginia Tech,5
Donovan Jackson,OL,21,12/4/2002,76,324,Ohio State,0
Henry Byrd,OL,21,7/1/1999,77,310,Princeton,1
Joe Huber,OL,21,5/2/2002,77,310,Wisconsin,0
Justin Skule,OL,21,11/23/1996,78,315,Vanderbilt,6
Matt Nelson,OL,21,12/19/1995,79,315,Iowa,5
Max Pircher,OL,21,9/7/1999,79,325,,1
Michael Gonzalez,OL,21,,,,,
Michael Jurgens,OL,21,1/1/2000,76,311,Wake Forest,2
Ryan Kelly,OL,21,5/30/1993,76,307,Alabama,10
Vershon Lee,OL,21,12/7/2001,76,310,South Carolina,0
Walter Rouse,OL,21,3/9/2001,78,330,Oklahoma; Stanford,2
Will Fries,OL,21,4/4/1998,78,321,Penn State,5
Zack Bailey,OL,21,11/8/1995,77,300,South Carolina,3
Zeke Correll,OL,21,11/10/2000,75,307,N.C. State,0
Oscar Chapman,P,21,,,,,
Ryan Wright,P,21,6/1/2000,75,245,Tulane,4
Carson Wentz,QB,21,12/30/1992,77,237,North Dakota State,10
J.J. McCarthy,QB,21,1/20/2003,75,219,Michigan,2
Max Brosmer,QB,21,3/28/2001,74,217,Minnesota; New Hampshire,0
Aaron Jones,RB,21,12/2/1994,69,208,Texas-El Paso,9
C.J. Ham,RB,21,7/22/1993,71,250,Augustana (SD),9
Jordan Mason,RB,21,5/24/1999,71,230,Georgia Tech,4
Tre Stewart,RB,21,,,,,
Ty Chandler,RB,21,5/12/1998,71,204,North Carolina,4
Xazavian Valladay,RB,21,7/3/1998,72,198,Arizona State; Wyoming,1
Zavier Scott,RB,21,7/17/1999,73,221,Maine,1
Ben Yurosek,TE,21,3/17/2002,76,251,Georgia; Stanford,0
Bryson Nesbit,TE,21,9/25/2002,77,238,North Carolina,0
Gavin Bartholomew,TE,21,4/30/2003,77,246,Pittsburgh,0
Josh Oliver,TE,21,3/21/1997,77,264,San Jose State,7
T.J. Hockenson,TE,21,7/3/1997,77,248,Iowa,7
Dontae Fleming,WR,21,11/28/2001,74,180,Tulane,0
Jalen Nailor,WR,21,3/2/1999,71,199,Michigan State,4
Jeshaun Jones,WR,21,12/22/1999,73,188,Maryland,1
Jordan Addison,WR,21,1/27/2002,71,175,USC; Pittsburgh,3
Justin Jefferson,WR,21,6/16/1999,73,195,LSU,6
Lucky Jackson,WR,21,7/17/1997,72,186,Western Kentucky,1
Myles Price,WR,21,12/16/2001,69,183,Indiana; Texas Tech,0
Robert Lewis,WR,21,,,,,
Rondale Moore,WR,21,6/9/2000,67,180,Purdue,5
Tai Felton,WR,21,3/15/2003,73,186,Maryland,0
Cam Akers,RB,21,6/22/1999,70,217,Florida State,5
Kobe King,LB,21,1/28/2003,73,250,Penn State,0
Adam Thielen,WR,21,8/22/1990,74,200,Minnesota State,12
Josh Ross,LB,21,10/31/1999,72,229,Michigan,3
Tyrek Funderburk,DB,21,11/28/2000,72,185,Appalachian State; Richmond,2
Alex Austin,DB,22,5/22/2001,73,191,Oregon State,3
Brandon Crossley,DB,22,1/17/2001,72,185,SMU; Colorado State,0
Brenden Schooler,DB,22,5/30/1997,73,210,Texas; Arizona; Oregon,4
Carlton Davis III,DB,22,12/31/1996,73,206,Auburn,7
Charles Woods,DB,22,6/17/2000,71,185,SMU; West Virginia; Illinois State,2
Christian Gonzalez,DB,22,6/28/2002,73,205,Oregon,3
Craig Woodson,DB,22,2/20/2001,72,200,California,0
DJ James,DB,22,3/5/2001,72,184,Auburn; Oregon,1
Dell Pettus,DB,22,6/2/2001,71,200,Troy,2
Jaylinn Hawkins,DB,22,8/27/1997,73,208,California,6
Jordan Polk,DB,22,,,,,
Kobee Minor,DB,22,7/8/2002,71,188,Memphis; Indiana; Texas Tech,0
Marcellas Dial Jr.,DB,22,12/6/2000,72,190,South Carolina; Georgia Military,2
Marcus Jones,DB,22,10/22/1998,68,188,Houston; Troy,4
Miles Battle,DB,22,1/4/2000,75,197,Utah; Mississippi,1
R.J. Moten,DB,22,,,,,
Christian Barmore,DL,22,7/28/1999,77,315,Alabama,5
Cory Durden,DL,22,1/26/1999,76,305,N.C. State; Florida State,1
Eric Gregory,DL,22,9/13/2000,75,319,Arkansas,0
Fabien Lovett Sr.,DL,22,12/5/1999,75,316,Florida State; Mississippi State,1
Isaiah Iton,DL,22,8/23/2001,74,277,Rutgers; Hutchinson CC,1
Jahvaree Ritzie,DL,22,,,,,
Jaquelin Roy,DL,22,10/22/2000,75,305,LSU,3
Jeremiah Pharms,DL,22,10/16/1996,75,300,Friends U.,3
Jeremiah Pharms Jr.,DL,22,10/16/1996,75,300,Friends U.,3
Joshua Farmer,DL,22,1/17/2003,75,312,Florida State,0
Khyiris Tonga,DL,22,7/7/1996,74,335,BYU,5
Milton Williams,DL,22,4/6/1999,75,290,Louisiana Tech,5
Philip Blidi,DL,22,,,,,
Andy Borregales,K,22,1/2/2003,71,202,Miami,0
Anfernee Jennings,LB,22,5/1/1997,75,255,Alabama,6
Bradyn Swinson,LB,22,7/4/2002,76,255,LSU; Oregon,0
Christian Elliss,LB,22,1/2/1999,74,231,Idaho,4
Darius Harris,LB,22,1/17/1996,74,245,Middle Tennessee State,5
Elijah Ponder,LB,22,8/24/2002,75,261,Cal Poly (San Luis Obispo),0
Harold Landry III,LB,22,6/5/1996,74,252,Boston College,8
Jack Gibbens,LB,22,11/24/1998,75,242,Minnesota; Abilene Christian,3
Jahlani Tavai,LB,22,9/28/1996,74,255,Hawaii,7
K'Lavon Chaisson,LB,22,7/25/1999,75,255,LSU,6
Keion White,LB,22,1/20/1999,77,285,Georgia Tech; Old Dominion,3
Marte Mapu,LB,22,11/8/1999,75,230,Sacramento State,3
Robert Spillane,LB,22,12/14/1995,73,229,Western Michigan,7
Julian Ashby,LS,22,7/8/2002,73,231,Vanderbilt; Furman,0
Alec Lindstrom,OL,22,7/7/1997,75,300,Boston College,1
Ben Brown,OL,22,5/19/1998,77,312,Mississippi,3
Brenden Jaimes,OL,22,5/28/1999,77,300,Nebraska,5
Caedan Wallace,OL,22,4/18/2000,77,314,Penn State; West Virginia,2
Garrett Bradbury,OL,22,6/20/1995,75,300,N.C. State,7
Jared Wilson,OL,22,6/5/2003,75,310,Georgia,0
Marcus Bryant,OL,22,6/22/2002,79,320,Missouri; SMU,0
Mehki Butler,OL,22,4/3/2001,75,310,Arkansas State; Iowa Western CC,0
Mike Onwenu,OL,22,12/10/1997,75,350,Michigan,6
Morgan Moses,OL,22,3/3/1991,78,320,Virginia,12
Tyrese Robinson,OL,22,8/21/1999,75,317,Oklahoma,1
Vederian Lowe,OL,22,4/17/1999,77,315,Illinois,4
Wes Schweitzer,OL,22,9/11/1993,76,300,San Jose State,9
Will Campbell,OL,22,1/6/2004,78,319,LSU,0
Yasir Durant,OL,22,5/21/1998,78,330,Missouri; Arizona Western,3
Bryce Baringer,P,22,4/26/1999,74,215,Michigan State; Illinois,3
Ben Wooldridge,QB,22,,,,,
Drake Maye,QB,22,8/30/2002,76,225,North Carolina,2
Joshua Dobbs,QB,22,1/26/1995,75,220,Tennessee,9
Tommy DeVito,QB,22,8/7/1998,74,210,Illinois; Syracuse,3
Antonio Gibson,RB,22,6/23/1998,72,228,Memphis; East Central JC,6
Brock Lampe,RB,22,3/31/2003,73,249,Northern Illinois,0
Deneric Prince,RB,22,4/11/2000,72,216,Tulsa; Texas A&M,1
Jack Westover,RB,22,6/9/1999,74,245,Washington,1
Lan Larison,RB,22,10/11/2001,71,209,UC Davis,0
Micah Bernard,RB,22,,,,,
Rhamondre Stevenson,RB,22,2/23/1998,72,227,Oklahoma; Cerritos College,5
Rushawn Baker,RB,22,4/17/2003,72,225,Elon; Bucknell,0
Shane Watts,RB,22,,,,,
Terrell Jennings,RB,22,1/3/2001,72,217,Florida A&M,1
TreVeyon Henderson,RB,22,10/22/2002,70,202,Ohio State,0
Austin Hooper,TE,22,10/29/1994,76,254,Stanford,10
CJ Dippre,TE,22,4/29/2002,77,256,Alabama; Maryland,0
Cole Fotheringham,TE,22,10/11/1997,76,243,Utah,3
Hunter Henry,TE,22,12/7/1994,77,249,Arkansas,10
DeMario Douglas,WR,22,12/8/2000,68,192,Liberty,3
Efton Chism III,WR,22,10/26/2001,70,198,Eastern Washington,0
Jeremiah Webb,WR,22,5/17/2001,71,198,South Alabama; South Dakota,0
John Jiles,WR,22,7/8/2000,75,220,University of West Florida,1
Kayshon Boutte,WR,22,5/7/2002,71,197,LSU,3
Kyle Williams,WR,22,11/13/2002,71,190,Washington State,0
Mack Hollins,WR,22,9/16/1993,76,221,North Carolina,9
Phil Lutz,WR,22,,,,,
Stefon Diggs,WR,22,11/29/1993,72,191,Maryland,11
Ja'Lynn Polk,WR,22,4/11/2002,73,203,Washington; Texas Tech,2
Leonard Taylor III,DL,22,5/29/2002,75,305,Miami,2
Brandon Smith,WR,22,12/10/1998,73,218,Iowa,1
Patrick Johnson,LB,22,1/10/1998,74,248,Tulane,5
Jaheim Bell,TE,22,6/14/2001,74,241,Florida State; South Carolina,2
Javon Baker,WR,22,2/18/2002,73,202,UCF; Alabama,2
Jabrill Peppers,DB,22,10/4/1995,71,217,Michigan,9
Kyle Dugger,DB,22,3/22/1996,73,216,Lenoir Rhyne,6
Marshall Lang,TE,22,10/15/2001,76,246,Northwestern,0
Isaiah Bolden,DB,22,12/16/1999,74,205,Jackson State University,3
Richie Grant,DB,22,8/28/1995,72,204,UCF,5
Keion White,DL,22,1/20/1999,77,285,Georgia Tech; Old Dominion,3
Kendrick Bourne,WR,22,8/4/1995,73,205,Eastern Washington,9
Lorenz Metz,OL,22,3/7/1997,81,310,Cincinnati,1
Cam Riley,LB,22,3/29/2002,77,237,Florida State; Auburn,0
Truman Jones,LB,22,5/13/2000,75,255,Harvard,1
Andrew Rupcich,OL,22,4/1/1999,78,318,Culver-Stockton College,2
Thomas Odukoya,TE,22,5/5/1997,78,253,Eastern Michigan,2
Gee Scott Jr.,TE,22,12/28/2000,75,238,Ohio State,0
Alontae Taylor,DB,23,12/3/1998,73,199,Tennessee,4
Dalys Beanum,DB,23,10/12/2002,73,200,South Dakota State,0
Elliott Davison,DB,23,12/19/2001,72,190,Texas-San Antonio,0
Isaac Yiadom,DB,23,2/20/1996,73,188,Boston College,8
Jayden Price,DB,23,4/5/2000,71,185,North Dakota State,1
Jonas Sanker,DB,23,11/23/2001,73,210,Virginia,0
Jordan Howden,DB,23,5/14/2000,72,210,Minnesota,3
Julian Blackmon,DB,23,8/24/1998,72,202,Utah,6
Justin Reid,DB,23,2/15/1997,73,207,Stanford,8
Kool-Aid McKinstry,DB,23,9/30/2002,71,199,Alabama,2
Michael Davis,DB,23,1/6/1996,74,195,BYU,9
Quincy Riley,DB,23,5/26/2001,71,195,Louisville; Middle Tennessee State,0
Rejzohn Wright,DB,23,9/4/2000,74,193,Oregon State,2
Terrell Burgess,DB,23,8/18/1997,71,202,Utah,5
Tyrann Mathieu,DB,23,5/13/1992,69,190,LSU,12
Ugo Amadi,DB,23,5/16/1997,69,201,Oregon,7
Bryan Bresee,DL,23,10/6/2001,77,305,Clemson,3
Coziah Izzard,DL,23,11/6/2001,75,305,Penn State,0
Davon Godchaux,DL,23,11/11/1994,75,330,LSU,9
Jasheen Davis,DL,23,,,,,
Jayden Peevy,DL,23,9/3/1999,77,308,Texas A&M,1
John Ridgeway,DL,23,5/7/1999,77,321,Arkansas; Illinois State,4
Jonah Williams,DL,23,8/17/1995,77,275,Weber State,5
Jonathan Bullard,DL,23,10/22/1993,75,290,Florida,10
Khristian Boyd,DL,23,2/23/2000,74,320,Northern Iowa,2
Nathan Shepherd,DL,23,10/9/1993,76,315,Fort Hays; Simon Fraser,8
Omari Thomas,DL,23,,,,,
Vernon Broughton,DL,23,7/15/2001,77,311,Texas,0
Cade York,K,23,1/27/2001,73,206,LSU,3
Charlie Smyth,K,23,6/26/2001,76,210,,1
Cameron Jordan,LB,23,7/10/1989,76,287,California,15
Carl Granderson,LB,23,12/18/1996,77,261,Wyoming,7
Chase Young,LB,23,4/14/1999,77,265,Ohio State,6
Chris Rumph II,LB,23,10/19/1998,74,244,Duke,5
Danny Stutsman,LB,23,3/10/2003,75,233,Oklahoma,0
Demario Davis,LB,23,1/11/1989,74,248,Arkansas State,14
Fadil Diggs,LB,23,10/15/2001,77,261,Syracuse; Texas A&M,0
Isaiah Stalbird,LB,23,7/18/2000,73,215,South Dakota State,1
Jaylan Ford,LB,23,11/28/2001,74,240,Texas,2
Pete Werner,LB,23,6/5/1999,75,242,Ohio State,5
Tyreem Powell,LB,23,,,,,
Zach Wood,LS,23,1/10/1993,75,255,SMU,9
Asim Richards,OL,23,10/2/2000,76,307,North Carolina,3
Barry Wesley,OL,23,7/14/1999,79,310,Colorado State,1
Cesar Ruiz,OL,23,6/14/1999,76,316,Michigan,6
Dillon Radunz,OL,23,3/28/1998,78,301,North Dakota State,5
Easton Kilty,OL,23,5/1/2002,78,307,Kansas State; North Dakota,0
Erik McCoy,OL,23,8/27/1997,76,303,Texas A&M,7
Jonathan Mendoza,OL,23,,,,,
Josiah Ezirim,OL,23,5/21/2001,78,329,Eastern Kentucky,0
Kelvin Banks Jr.,OL,23,3/10/2004,77,315,Texas,0
Landon Young,OL,23,8/21/1997,79,321,Kentucky,5
Luke Fortner,OL,23,5/15/1998,76,307,Kentucky,4
Mike Panasiuk,OL,23,10/13/1997,75,295,Michigan State,1
Nick Saldiveri,OL,23,8/14/2000,78,316,Old Dominion,3
Ryan Ramczyk,OL,23,4/22/1994,78,314,Wisconsin; Wisconsin-Stevens Point; Mid-State Technical College (J.C.); Madison Area Technical College,8
Taliese Fuaga,OL,23,4/5/2002,78,324,Oregon State,2
Torricelli Simpkins III,OL,23,6/6/2002,77,312,South Carolina; North Carolina Central,0
Will Clapp,OL,23,12/10/1995,77,314,LSU,8
Xavier Truss,OL,23,7/13/2001,79,320,Georgia,0
James Burnip,P,23,,,,,
Kai Kroeger,P,23,6/11/2002,76,213,South Carolina,0
Derek Carr,QB,23,3/28/1991,75,215,Fresno State,11
Hunter Dekkers,QB,23,7/4/2001,74,212,Iowa Western CC; Iowa State,0
Jake Haener,QB,23,3/10/1999,73,200,Fresno State; Washington,3
Spencer Rattler,QB,23,9/28/2000,72,211,South Carolina; Oklahoma,2
Taysom Hill,QB,23,8/23/1990,74,221,BYU,9
Tyler Shough,QB,23,9/28/1999,77,219,Louisville; Texas Tech; Oregon,0
Alvin Kamara,RB,23,7/25/1995,70,215,Tennessee; Hutchinson CC; Alabama,9
Devin Neal,RB,23,8/12/2003,71,213,Kansas,0
Kendre Miller,RB,23,6/11/2002,72,220,TCU,3
Marcus Yarns,RB,23,,,,,
Foster Moreau,TE,23,5/6/1997,76,250,LSU,7
Jack Stoll,TE,23,1/28/1998,76,247,Nebraska,5
Juwan Johnson,TE,23,9/13/1996,76,231,Oregon; Penn State,6
Mason Pline,TE,23,2/5/2000,79,260,Furman; Ferris State,1
Michael Jacobson,TE,23,4/4/1997,79,244,Iowa State,1
Moliki Matavao,TE,23,3/17/2003,80,263,UCLA,0
Seth Green,TE,23,2/14/1998,76,240,Houston; Minnesota,0
Treyton Welch,TE,23,1/10/2001,76,240,Wyoming,1
Bub Means,WR,23,1/10/2001,74,215,Pittsburgh; Louisiana Tech,2
Chris Olave,WR,23,6/27/2000,72,187,Ohio State,4
Dante Pettis,WR,23,10/23/1995,74,200,Washington,7
Devaughn Vele,WR,23,12/12/1997,77,210,Utah,2
Kevin Austin Jr.,WR,23,3/30/2000,74,200,Notre Dame,2
Mason Tipton,WR,23,9/27/2000,71,187,Yale,2
Moochie Dixon,WR,23,,,,,
Roderick Daniels Jr.,WR,23,,,,,
Tommy Mellott,WR,23,10/16/2001,72,208,Montana State,0
Trey Palmer,WR,23,4/2/2001,73,190,Nebraska; LSU,3
Audric Estimé,RB,23,9/6/2003,71,227,Notre Dame,2
Elijah Cooks,WR,23,10/13/1998,76,215,San Jose State; Nevada,2
Beanie Bishop Jr.,DB,23,12/17/1999,70,184,West Virginia; Minnesota; Western Kentucky,2
Evan Hull,RB,23,10/26/2000,70,209,Northwestern,2
Sataoa Laumea,OL,23,1/13/2001,76,319,Utah,2
Shane Lemieux,OL,23,5/12/1997,76,310,Oregon,6
Velus Jones Jr.,RB,23,5/11/1997,72,200,Tennessee; USC,5
Rashid Shaheed,WR,23,8/31/1998,72,180,Weber State,4
Jha'Quan Jackson,WR,23,5/15/2000,69,188,Tulane,2
Andru Phillips,DB,24,11/30/2001,71,180,Kentucky,2
Anthony Johnson Jr.,DB,24,12/2/1999,72,205,Iowa State,3
Art Green,DB,24,4/29/2000,74,201,Houston,2
Beau Brade,DB,24,1/29/2002,72,209,Maryland,2
Cordale Flott,DB,24,8/24/2001,73,175,LSU,4
Dane Belton,DB,24,12/7/2000,73,190,Iowa,4
Deonte Banks,DB,24,4/3/2001,74,200,Maryland,3
Jevon Holland,DB,24,3/3/2000,73,207,Oregon,5
Makari Paige,DB,24,,,,,
Nic Jones,DB,24,10/15/2001,72,189,Ball State,2
O'Donnell Fortune,DB,24,,,,,
Paulson Adebo,DB,24,7/3/1999,73,192,Stanford,5
Raheem Layne,DB,24,7/2/1999,71,192,Indiana,3
Rico Payton,DB,24,11/28/1999,72,182,Pittsburg State (KS); Southern Illinois,2
TJ Moore,DB,24,12/15/2001,72,187,Mercer,0
Tyler Nubin,DB,24,6/14/2001,74,210,Minnesota,2
Chauncey Golston,DL,24,2/10/1998,77,277,Iowa,5
DJ Davidson,DL,24,9/19/1999,77,320,Arizona State,4
Darius Alexander,DL,24,8/26/2000,76,310,Toledo,0
Dexter Lawrence,DL,24,11/12/1997,76,340,Clemson,7
Elijah Chatman,DL,24,12/5/2000,72,278,SMU,2
Jeremiah Ledbetter,DL,24,5/29/1994,75,299,Arkansas; Hutchinson CC,4
Rakeem Nunez-Roches,DL,24,7/3/1993,74,305,Southern Mississippi,11
Roy Robertson-Harris,DL,24,7/23/1993,79,300,Texas-El Paso,9
Graham Gano,K,24,4/9/1987,74,202,Florida State,16
Jude McAtamney,K,24,5/9/2000,74,205,Rutgers,1
Abdul Carter,LB,24,1/2/2004,75,252,Penn State,0
Bobby Okereke,LB,24,7/29/1996,73,235,Stanford,7
Brian Burns,LB,24,4/23/1998,77,250,Florida State,7
Chauncey Golston,LB,24,2/10/1998,77,277,Iowa,5
Chris Board,LB,24,7/23/1995,74,229,North Dakota State,8
Darius Muasau,LB,24,2/10/2001,72,234,UCLA; Hawaii,2
Demetrius Flannigan-Fowles,LB,24,9/4/1996,74,223,Arizona,6
Dyontae Johnson,LB,24,9/28/2000,74,230,Toledo,1
Jonas Griffith,LB,24,1/27/1997,76,250,Indiana State,4
K.J. Cloyd,LB,24,2/19/2001,74,228,Miami; Louisville,0
Kayvon Thibodeaux,LB,24,12/15/2000,77,258,Oregon,4
Micah McFadden,LB,24,1/3/2000,74,232,Indiana,4
Neville Hewitt,LB,24,4/6/1993,74,234,Marshall; Georgia Military,11
Swayze Bozeman,LB,24,11/2/1998,73,224,Southern Mississippi; Copiah-Lincoln Junior College,1
Tomon Fox,LB,24,3/16/1998,74,245,North Carolina,3
Trace Ford,LB,24,1/24/2001,74,252,Oklahoma; Oklahoma State,0
Victor Dimukeje,LB,24,11/18/1999,74,262,Duke,5
Zaire Barnes,LB,24,9/3/1999,73,227,Western Michigan,3
Casey Kreiter,LS,24,8/13/1990,73,250,Iowa,10
Aaron Stinnie,OL,24,2/18/1994,75,312,James Madison,8
Andrew Thomas,OL,24,1/22/1999,77,315,Georgia,6
Austin Schlottmann,OL,24,9/18/1995,78,300,TCU,7
Bryan Hudson,OL,24,1/11/2001,77,305,Louisville,1
Evan Neal,OL,24,9/19/2000,79,340,Alabama,4
Greg Van Roten,OL,24,2/26/1990,76,295,Penn,11
Jaison Williams,OL,24,,,,,
Jake Kubas,OL,24,8/13/2000,76,308,North Dakota State,2
James Hudson,OL,24,5/13/1999,77,313,Cincinnati,5
Jermaine Eluemunor,OL,24,12/13/1994,76,338,Texas A&M; Lackawanna JC,9
John Michael Schmitz,OL,24,4/19/1999,76,320,Minnesota,3
Jon Runyan,OL,24,8/8/1997,76,307,Michigan,6
Joshua Ezeudu,OL,24,9/19/1999,76,310,North Carolina,4
Marcus Mbow,OL,24,4/2/2003,77,300,Purdue,0
Jamie Gillan,P,24,7/4/1997,73,207,University of Arkansas at Pine Bluff,7
Jameis Winston,QB,24,1/6/1994,76,231,Florida State,11
Jaxson Dart,QB,24,5/13/2003,74,223,Mississippi; USC,0
Russell Wilson,QB,24,11/29/1988,71,206,Wisconsin; N.C. State,14
Cam Skattebo,RB,24,2/5/2002,71,215,Arizona State; Sacramento State,0
Dante Miller,RB,24,5/14/1999,70,200,South Carolina; Columbia,1
Devin Singletary,RB,24,9/3/1997,67,203,Florida Atlantic,7
Eric Gray,RB,24,11/4/1999,70,210,Oklahoma; Tennessee,3
Tyrone Tracy Jr.,RB,24,11/23/1999,71,210,Purdue; Iowa,2
Chris Manhertz,TE,24,4/10/1992,78,235,Canisius College,10
Daniel Bellinger,TE,24,9/22/2000,78,255,San Diego State,4
Jermaine Terry,TE,24,,,,,
Theo Johnson,TE,24,2/26/2001,78,264,Penn State,2
Thomas Fidone II,TE,24,9/20/2002,78,255,Nebraska,0
Antwane Wells Jr.,WR,24,4/2/2001,73,207,Mississippi; South Carolina; James Madison,0
Beaux Collins,WR,24,12/16/2002,75,206,Notre Dame; Clemson,0
Bryce Ford-Wheaton,WR,24,3/9/2000,75,220,West Virginia,3
Da'Quan Felton,WR,24,1/13/2001,77,216,Virginia Tech; Norfolk State,0
Dalen Cambre,WR,24,4/10/2001,72,192,Louisiana,0
Darius Slayton,WR,24,1/12/1997,73,198,Auburn,7
Gunner Olszewski,WR,24,11/26/1996,72,190,Bemidji State University,7
Ihmir Smith-Marsette,WR,24,8/29/1999,73,185,Iowa,5
Jalin Hyatt,WR,24,9/25/2001,72,185,Tennessee,3
Jordan Bly,WR,24,,,,,
Malik Nabers,WR,24,7/28/2003,72,200,LSU,2
Montrell Washington,WR,24,3/14/1999,70,170,Samford,3
Wan'Dale Robinson,WR,24,1/5/2001,68,185,Kentucky,4
Korie Black,DB,24,6/22/2002,72,190,Oklahoma State,0
Xavier Gipson,WR,24,3/8/2001,69,189,Stephen F. Austin State,3
Isaiah Hodgins,WR,24,10/21/1998,75,201,Oregon State,4
Ryan Miller,WR,24,2/20/2000,74,221,Furman,2
Curtis Jacobs,LB,24,2/18/2002,73,241,Penn State,2
Tre Hawkins III,DB,24,8/1/2000,75,195,Old Dominion,3
Andre Cisco,DB,25,3/23/2000,72,210,Syracuse,5
Azareye'h Thomas,DB,25,7/6/2004,73,197,Florida State,0
Brandon Stephens,DB,25,12/29/1997,73,215,SMU; UCLA,5
Dean Clark,DB,25,6/1/2001,72,208,Fresno State; Kent State,0
Isaiah Oliver,DB,25,9/30/1996,72,202,Colorado,8
Jarius Monroe,DB,25,10/6/2000,74,205,Tulane; Colorado,1
Jordan Clark,DB,25,4/22/2001,69,184,Notre Dame; Arizona State,0
Kris Boyd,DB,25,11/12/1996,71,200,Texas,7
Malachi Moore,DB,25,9/13/2001,71,196,Alabama,0
Mario Goodrich,DB,25,1/12/2000,72,186,Clemson,1
Qwan'tez Stiggers,DB,25,1/8/2002,72,197,,2
Ryan Cooper Jr.,DB,25,8/31/2001,71,192,Oregon State,0
Tony Adams,DB,25,1/24/1999,71,203,Illinois,4
Braiden McGregor,DL,25,7/12/2001,78,267,Michigan,2
Byron Cowart,DL,25,5/20/1996,75,300,Maryland; Auburn,5
Eric Watts,DL,25,10/1/2000,77,277,Connecticut,2
Fatorma Mulbah,DL,25,9/7/2002,76,306,West Virginia; Penn State,0
Harrison Phillips,DL,25,1/25/1996,75,307,Stanford,8
Jay Tufele,DL,25,7/25/1999,75,305,USC,5
Jowon Briggs,DL,25,9/1/2001,73,313,Cincinnati; Virginia,2
Michael Fletcher,DL,25,,,,,
Micheal Clemons,DL,25,8/21/1997,77,263,Texas A&M,4
Payton Page,DL,25,9/27/2002,76,300,Clemson,0
Tyler Baron,DL,25,10/22/2001,76,258,Miami; Tennessee,0
Will McDonald IV,DL,25,6/4/1999,76,245,Iowa State,3
Nick Folk,K,25,11/5/1984,73,222,Arizona,18
Aaron Smith,LB,25,,,,,
Cam Jones,LB,25,10/21/1999,74,227,Indiana,3
Francisco Mauigoa,LB,25,3/17/2003,74,233,Miami; Washington State,0
Ja'Markis Weston n,LB,25,8/10/2000,74,235,Florida,0
Jackson Sirmon,LB,25,4/15/2000,74,240,California; Washington,1
Jamien Sherwood,LB,25,1/12/2000,74,216,Auburn,5
Jermaine Johnson II,LB,25,1/8/1999,77,254,Florida State,4
Marcelino McCrary-Ball,LB,25,3/23/1999,72,214,Indiana,2
Mykal Walker,LB,25,8/28/1997,75,230,Fresno State,6
Quincy Williams,LB,25,8/28/1996,71,230,Murray State,7
Will McDonald IV,LB,25,6/4/1999,76,245,Iowa State,3
Thomas Hennessy,LS,25,6/11/1994,74,246,Duke,9
Alijah Vera-Tucker,OL,25,6/17/1999,77,308,USC,5
Armand Membou,OL,25,3/27/2004,76,332,Missouri,0
Chukwuma Okorafor,OL,25,8/8/1997,78,320,Western Michigan,7
Gus Hartwig,OL,25,1/21/2002,77,309,Purdue,0
Joe Tippmann,OL,25,3/24/2001,78,313,Wisconsin,3
John Simpson,OL,25,8/19/1997,76,330,Clemson,6
Josh Myers,OL,25,7/16/1998,77,310,Ohio State,5
Kohl Levao,OL,25,2/21/1998,78,350,Hawaii; City College (SF),1
Leander Wiegand,OL,25,8/24/1999,77,302,UCF,0
Liam Fornadel,OL,25,6/17/1999,76,312,James Madison,1
Marquis Hayes,OL,25,2/14/1999,77,318,Oklahoma,2
Max Mitchell,OL,25,10/12/1999,78,307,Louisiana-Lafayette,4
Olumuyiwa Fashanu,OL,25,12/9/2002,78,312,Penn State,2
Samuel Jackson,OL,25,,,,,
Xavier Newman-Johnson,OL,25,8/4/1999,74,297,Baylor,3
Austin McNamara,P,25,2/24/2001,76,204,Texas Tech,1
Brady Cook,QB,25,10/12/2001,74,215,Missouri,0
Jordan Travis,QB,25,5/2/2000,73,200,Florida State; Louisville,0
Justin Fields,QB,25,3/5/1999,75,227,Ohio State,5
Tyrod Taylor,QB,25,8/3/1989,73,217,Virginia Tech,15
Andrew Beck,RB,25,5/15/1996,75,255,Texas,6
Braelon Allen,RB,25,1/20/2004,73,235,Wisconsin,2
Breece Hall,RB,25,5/31/2001,71,217,Iowa State,4
Isaiah Davis,RB,25,2/21/2002,73,220,South Dakota State,2
Kene Nwangwu,RB,25,2/9/1998,73,210,Iowa State,5
Lawrance Toafili,RB,25,11/30/2001,72,185,Florida State,0
Jelani Woods,TE,25,10/9/1998,79,253,Virginia,4
Jeremy Ruckert,TE,25,8/11/2000,77,250,Ohio State,4
Mason Taylor,TE,25,5/8/2004,77,251,LSU,0
Neal Johnson,TE,25,8/3/2001,76,250,Louisiana,0
Stone Smartt,TE,25,10/4/1998,76,226,Old Dominion,4
Zack Kuntz,TE,25,6/9/1999,80,251,Old Dominion; Penn State,1
Allen Lazard,WR,25,12/11/1995,77,227,Iowa State,7
Arian Smith,WR,25,10/11/2001,72,179,Georgia,0
Dymere Miller,WR,25,,,,,
Garrett Wilson,WR,25,7/22/2000,72,183,Ohio State,4
Irvin Charles,WR,25,4/13/1997,76,219,"Indiana PA,  University of; Penn State",3
Jamaal Pritchett,WR,25,6/10/2003,68,175,South Alabama; Tuskegee University,0
Josh Reynolds,WR,25,2/16/1995,75,192,Texas A&M; Tyler JC,9
Pokey Wilson,WR,25,,,,,
Quentin Skinner,WR,25,12/24/2001,75,203,Kansas,0
Tyler Johnson,WR,25,8/25/1998,73,208,Minnesota,5
Michael Carter II,DB,25,3/8/1999,70,184,Duke,5
Avery Williams,RB,25,7/15/1998,69,195,Boise State,5
Keilan Robinson,RB,25,2/16/2000,68,191,Texas; Alabama,2
John Metchie III,WR,25,7/18/2000,72,195,Alabama,3
Ja'Markis Weston,LB,25,8/10/2000,74,235,Florida,0
Jaylen Mahoney,DB,25,11/19/2000,71,200,Vanderbilt,1
Adrian Martinez,QB,25,1/7/2000,74,220,Kansas State; Nebraska,1
Jarvis Brownlee Jr.,DB,25,7/13/2001,70,194,Louisville; Florida,2
Samuel Womack,DB,25,7/7/1999,70,189,Toledo,4
Adoree' Jackson,DB,26,9/18/1995,71,185,USC,9
Ambry Thomas,DB,26,9/9/1999,72,190,Michigan,5
Andre' Sam,DB,26,2/9/1999,70,194,LSU; Marshall; McNeese State,1
Andrew Mukuba,DB,26,12/7/2002,71,186,Texas; Clemson,0
Brandon Johnson,DB,26,3/25/2003,70,185,Oregon; Duke,0
Cooper DeJean,DB,26,2/9/2003,72,198,Iowa,2
Eli Ricks,DB,26,9/26/2001,74,188,Alabama; LSU,3
Jakorian Bennett,DB,26,8/23/2000,70,200,Maryland,3
Kelee Ringo,DB,26,6/27/2002,74,207,Georgia,3
Lewis Cine,DB,26,10/5/1999,74,199,Georgia,3
Mac McWilliams,DB,26,11/29/2001,70,191,UCF; UAB,0
Marcus Epps,DB,26,1/27/1996,72,191,Wyoming,7
Parry Nickerson,DB,26,10/11/1994,70,182,Tulane,5
Quinyon Mitchell,DB,26,7/18/2001,72,193,Toledo,2
Reed Blankenship,DB,26,3/2/1999,73,203,Middle Tennessee State,4
Sydney Brown,DB,26,3/21/2000,70,211,Illinois,3
Tariq Castro-Fields,DB,26,1/14/1999,73,197,Penn State,3
Brandon Graham,DL,26,4/3/1988,74,265,Michigan,16
Byron Young,DL,26,11/10/2000,75,292,Alabama,3
Gabe Hall,DL,26,1/12/2001,78,295,Baylor,1
Jacob Sykes,DL,26,,,,,
Jalen Carter,DL,26,4/4/2001,75,314,Georgia,3
Jereme Robinson,DL,26,,,,,
Joe Evans,DL,26,,,,,
Jordan Davis,DL,26,1/12/2000,78,336,Georgia,4
Justin Rogers,DL,26,9/12/2001,75,346,Auburn,0
Moro Ojomo,DL,26,8/15/2001,75,292,Texas,3
Ogbo Okoronkwo,DL,26,4/24/1995,74,253,Oklahoma,8
Ty Robinson,DL,26,5/3/2001,77,288,Nebraska,0
Za'Darius Smith,DL,26,9/8/1992,76,270,Kentucky; East Mississippi JC,11
Jake Elliott,K,26,1/21/1995,69,167,Memphis,9
Azeez Ojulari,LB,26,6/16/2000,75,240,Georgia,5
Chance Campbell,LB,26,10/8/1999,74,232,Mississippi,4
Dallas Gant,LB,26,5/16/2000,74,224,Toledo; Ohio State,0
Jalyx Hunt,LB,26,3/13/2001,75,252,Houston Christian University; Cornell,2
Jeremiah Trotter Jr.,LB,26,12/24/2002,72,225,Clemson,2
Jihaad Campbell,LB,26,2/24/2004,75,235,Alabama,0
Joshua Uche,LB,26,9/18/1998,75,226,Michigan,6
Lance Dixon,LB,26,7/18/2001,74,233,Toledo,0
Nakobe Dean,LB,26,12/13/2000,71,231,Georgia,4
Nolan Smith,LB,26,1/18/2001,74,238,Georgia,3
Ogbo Okoronkwo,LB,26,4/24/1995,74,253,Oklahoma,8
Smael Mondon Jr.,LB,26,2/13/2003,74,225,Georgia,0
Za'Darius Smith,LB,26,9/8/1992,76,270,Kentucky; East Mississippi JC,11
Zack Baun,LB,26,12/30/1996,75,225,Wisconsin,6
Charley Hughlett,LS,26,5/16/1990,76,251,UCF,11
Brett Toth,OL,26,9/1/1996,78,304,Army,6
Cam Jurgens,OL,26,8/21/1999,75,303,Nebraska,4
Cameron Williams,OL,26,10/16/2003,78,317,Texas,0
Drew Kendall,OL,26,11/27/2001,76,308,Boston College,0
Fred Johnson,OL,26,6/5/1997,79,326,Florida,7
Hollin Pierce,OL,26,4/19/2001,80,344,Rutgers,0
Jordan Mailata,OL,26,3/31/1997,80,365,,8
Laekin Vakalahi,OL,26,1/28/2003,77,320,,0
Landon Dickerson,OL,26,9/30/1998,78,333,Alabama,5
Lane Johnson,OL,26,5/8/1990,78,325,Oklahoma; Kilgore,13
Luke Felix-Fualalo,OL,26,2/2/2000,80,310,Hawaii; Utah,0
Matt Pryor,OL,26,12/16/1994,79,332,TCU,8
Myles Hinton,OL,26,1/9/2002,78,323,Michigan; Stanford,0
Tyler Steen,OL,26,6/24/2000,78,321,Alabama; Vanderbilt,3
Willie Lampkin,OL,26,1/22/2002,71,290,North Carolina; Coastal Carolina,0
Braden Mann,P,26,11/24/1997,71,198,Texas A&M,6
Dorian Thompson-Robinson,QB,26,11/14/1999,74,203,UCLA,2
Jalen Hurts,QB,26,8/7/1998,73,223,Oklahoma; Alabama,6
Kyle McCord,QB,26,9/19/2002,75,218,Syracuse; Ohio State,0
Sam Howell,QB,26,9/16/2000,73,220,North Carolina,4
Tanner McKee,QB,26,4/27/2000,78,230,Stanford,3
AJ Dillon,RB,26,5/2/1998,72,247,Boston College,6
Ben VanSumeren,RB,26,5/5/2000,74,231,Michigan State; Michigan,3
Saquon Barkley,RB,26,2/9/1997,72,232,Penn State,8
ShunDerrick Powell,RB,26,,,,,
Will Shipley,RB,26,8/29/2002,71,210,Clemson,2
Cameron Latu,TE,26,2/24/2000,77,244,Alabama,2
Dallas Goedert,TE,26,1/3/1995,77,256,South Dakota State,8
E.J. Jenkins,TE,26,11/3/1998,78,245,Georgia Tech; South Carolina; St. Francis PA,2
Grant Calcaterra,TE,26,12/4/1998,76,240,SMU; Oklahoma,4
Kylen Granson,TE,26,3/27/1998,75,242,SMU,5
A.J. Brown,WR,26,6/30/1997,73,226,Mississippi,7
Britain Covey,WR,26,3/18/1997,68,173,Utah,4
Danny Gray,WR,26,4/1/1999,72,200,SMU,3
Darius Cooper,WR,26,11/22/2001,71,210,Tarleton State,0
DeVonta Smith,WR,26,11/14/1998,72,170,Alabama,5
Ife Adeyi,WR,26,,,,,
Jahan Dotson,WR,26,3/22/2000,71,184,Penn State,4
Johnny Wilson,WR,26,4/3/2001,78,228,Florida State; Arizona State,2
Quez Watkins,WR,26,6/9/1998,72,193,Southern Mississippi,5
Taylor Morin,WR,26,,,,,
Terrace Marshall Jr.,WR,26,6/9/2000,74,200,LSU,5
Maxen Hook,DB,26,8/19/2001,72,203,Toledo,0
Jake Majors,OL,26,1/17/2002,75,315,Texas,0
Sua Opeta,OL,26,8/15/1996,76,305,Weber State,6
Asante Samuel Jr.,DB,27,10/3/1999,70,180,Florida State,5
Brandin Echols,DB,27,10/16/1997,70,179,Kentucky,5
Cameron McCutcheon,DB,27,4/3/2000,73,204,Western Carolina; Gardner-Webb,1
Chuck Clark,DB,27,4/19/1995,72,209,Virginia Tech,9
Cory Trice Jr.,DB,27,5/30/2000,75,206,Purdue,3
D'Shawn Jamison,DB,27,6/4/1999,70,186,Texas,2
DeShon Elliott,DB,27,4/21/1997,73,210,Texas,8
Donte Kent,DB,27,9/28/2001,70,189,Central Michigan,0
Jalen Ramsey,DB,27,10/24/1994,73,211,Florida State,10
James Pierre,DB,27,9/16/1996,74,185,Florida Atlantic,6
Joey Porter Jr.,DB,27,7/26/2000,74,194,Penn State,3
Kam Alexander,DB,27,,,,,
Kyler McMichael,DB,27,3/22/2000,72,202,North Carolina,1
Mikey Victor,DB,27,,,,,
Miles Killebrew,DB,27,5/10/1993,74,222,Southern Utah State,10
Quindell Johnson,DB,27,11/5/1999,73,205,Memphis,2
Cameron Heyward,DL,27,5/6/1989,77,295,Ohio State,15
Daniel Ekuale,DL,27,1/13/1994,75,300,Washington State,7
Dean Lowry,DL,27,6/9/1994,78,296,Northwestern,10
Derrick Harmon,DL,27,8/3/2003,76,313,Oregon; Michigan State,0
Domenique Davis,DL,27,2/28/1996,74,326,UNC Pembroke,1
Esezi Otomewo,DL,27,3/9/1999,77,282,Minnesota,3
Isaiahh Loudermilk,DL,27,10/10/1997,79,293,Wisconsin,5
Jacob Slade,DL,27,2/23/2000,75,293,Michigan State,1
Keeanu Benton,DL,27,7/17/2001,76,309,Wisconsin,3
Kenny Willekes,DL,27,7/22/1997,75,264,Michigan State,3
Kyler Baugh,DL,27,11/28/2001,74,305,Minnesota; Houston Christian University,1
Logan Lee,DL,27,6/12/2000,77,286,Iowa,2
Yahya Black,DL,27,4/21/2002,77,336,Iowa,0
Chris Boswell,K,27,3/16/1991,74,185,Rice,11
Alex Highsmith,LB,27,8/7/1997,76,242,Charlotte,6
Carson Bruener,LB,27,6/6/2001,74,226,Washington,0
Cole Holcomb,LB,27,7/30/1996,73,240,North Carolina,7
DeMarvin Leal,LB,27,7/1/2000,76,290,Texas A&M,4
Ja'Whaun Bentley,LB,27,8/24/1996,74,250,Purdue,8
Jack Sawyer,LB,27,5/6/2002,76,260,Ohio State,0
Julius Welschof,LB,27,3/12/1997,78,265,Charlotte,1
Malik Harrison,LB,27,3/5/1998,75,247,Ohio State,6
Nick Herbig,LB,27,11/21/2001,74,240,Wisconsin,3
Patrick Queen,LB,27,8/13/1999,72,232,LSU,6
Payton Wilson,LB,27,4/21/2000,76,242,N.C. State,2
T.J. Watt,LB,27,10/11/1994,76,252,Wisconsin,9
Christian Kuntz,LS,27,4/13/1994,73,228,Duquesne,5
Andrus Peat,OL,27,11/4/1993,79,316,Stanford,11
Broderick Jones,OL,27,5/16/2001,77,311,Georgia,3
Calvin Anderson,OL,27,3/25/1996,77,300,Texas; Rice,7
Doug Nester,OL,27,8/7/2000,78,306,West Virginia; Virginia Tech,1
Dylan Cook,OL,27,1/11/1998,78,305,Montana; Northern Montana State University,3
Gareth Warren,OL,27,8/5/2003,78,333,Lindenwood,0
Isaac Seumalo,OL,27,10/29/1993,76,303,Oregon State,10
Jack Driscoll,OL,27,4/1/1997,77,312,Auburn; UMass Amherst,6
Julian Pearl,OL,27,10/6/1999,78,315,Illinois,0
Mason McCormick,OL,27,5/25/2000,77,315,South Dakota State,2
Max Scharping,OL,27,8/10/1996,78,327,Northern Illinois,7
Ryan McCollum,OL,27,3/4/1998,77,300,Texas A&M,3
Spencer Anderson,OL,27,6/7/2000,77,305,Maryland,3
Steven Jones,OL,27,9/6/2000,77,342,Oregon,1
Troy Fautanu,OL,27,10/11/2000,76,317,Washington,2
Zach Frazier,OL,27,8/29/2001,75,310,West Virginia,2
Corliss Waitman,P,27,7/21/1995,74,210,South Alabama,3
Aaron Rodgers,QB,27,12/2/1983,74,223,California; Butte College,21
Mason Rudolph,QB,27,7/17/1995,77,235,Oklahoma State,8
Skylar Thompson,QB,27,6/4/1997,74,219,Kansas State,4
Will Howard,QB,27,9/24/2001,76,235,Ohio State; Kansas State,0
Jaylen Warren,RB,27,11/1/1998,68,215,Oklahoma State,4
Kaleb Johnson,RB,27,8/14/2003,72,225,Iowa,0
Kenneth Gainwell,RB,27,3/14/1999,69,200,Memphis,5
Lew Nichols III,RB,27,8/16/2001,70,220,Central Michigan,1
Max Hurleman,RB,27,10/19/2001,71,200,Notre Dame; Colgate,0
Trey Sermon,RB,27,1/30/1999,72,215,Ohio State; Oklahoma,5
Connor Heyward,TE,27,1/22/1999,72,230,Michigan State,4
Darnell Washington,TE,27,8/17/2001,79,265,Georgia,3
Donald Parham,TE,27,8/16/1997,80,237,Stetson,5
JJ Galbreath,TE,27,8/5/2001,76,231,South Dakota,0
Jonnu Smith,TE,27,8/22/1995,75,248,Florida International,9
Kevin Foelsch,TE,27,4/13/2001,76,250,University of New Haven,0
Pat Freiermuth,TE,27,10/25/1998,77,258,Penn State,5
Ben Skowronek,WR,27,6/27/1997,75,224,Notre Dame; Northwestern,5
Calvin Austin III,WR,27,3/24/1999,69,162,Memphis,4
DK Metcalf,WR,27,12/14/1997,76,229,Mississippi,7
Robert Woods,WR,27,4/10/1992,72,193,USC,12
Roman Wilson,WR,27,6/19/2001,70,186,Michigan,2
Scott Miller,WR,27,7/31/1997,69,174,Bowling Green,7
John Rhys Plumlee,WR,27,1/2/2001,72,200,UCF; Mississippi,1
Marquez Valdes-Scantling,WR,27,10/10/1994,76,206,University of South Florida; N.C. State,8
Sebastian Castro,DB,27,10/14/2000,71,203,Iowa,0
Rakim Jarrett,WR,27,1/24/2001,72,192,Maryland,3
Lance McCutcheon,WR,27,2/28/1999,75,202,Montana State,2
AJ Finley,DB,29,9/14/2001,74,202,Mississippi,3
Coby Bryant,DB,29,3/29/1999,73,193,Cincinnati,4
Devon Witherspoon,DB,29,12/11/2000,72,185,Illinois,3
Josh Jobe,DB,29,4/9/1998,71,190,Alabama,4
Julian Love,DB,29,3/19/1998,71,195,Notre Dame,7
Nehemiah Pritchett,DB,29,2/11/2001,72,188,Auburn,2
Nick Emmanwori,DB,29,2/7/2004,75,220,South Carolina,0
Riq Woolen,DB,29,5/2/1999,76,210,Texas-San Antonio,4
Shaquill Griffin,DB,29,7/20/1995,72,198,UCF,9
Shemar Jean-Charles,DB,29,6/20/1998,70,184,Appalachian State,5
Ty Okada,DB,29,6/4/1999,71,193,Montana State,1
Tyler Hall,DB,29,10/31/1998,70,190,Wyoming,4
Brandon Pili,DL,29,4/2/1999,75,334,USC,3
Byron Murphy II,DL,29,9/8/2002,72,306,Texas,2
Connor O'Toole,DL,29,8/27/2002,75,248,Utah,0
DeMarcus Lawrence,DL,29,4/28/1992,75,254,Boise State; Butler County JC,12
J.R. Singleton,DL,29,2/13/2002,73,299,Iowa State,0
Jalan Gaines,DL,29,,,,,
Jarran Reed,DL,29,12/16/1992,75,315,Alabama; East Mississippi JC,10
Johnathan Hankins,DL,29,3/30/1992,75,335,Ohio State,13
Leonard Williams,DL,29,6/20/1994,77,310,USC,11
Mike Morris,DL,29,4/22/2001,78,295,Michigan,3
Rylie Mills,DL,29,8/20/2001,77,296,Notre Dame,0
Wy'Kevious Thomas,DL,29,7/5/2000,74,303,South Alabama,0
Jason Myers,K,29,5/12/1991,70,190,Marist,11
Alphonzo Tuputala,LB,29,,,,,
Boye Mafe,LB,29,11/30/1998,76,261,Minnesota,4
Chazz Surratt,LB,29,2/16/1997,74,233,North Carolina,4
Connor O'Toole,LB,29,8/27/2002,75,248,Utah,0
D'Eryk Jackson,LB,29,,,,,
DeMarcus Lawrence,LB,29,4/28/1992,75,254,Boise State; Butler County JC,12
Derick Hall,LB,29,3/19/2001,75,254,Auburn,3
Drake Thomas,LB,29,2/25/2000,71,228,N.C. State,3
Ernest Jones,LB,29,11/22/1999,74,230,South Carolina,5
Jamie Sheriff,LB,29,8/18/2000,73,254,South Alabama; Mississippi Gulf Coast CC,1
Jared Ivey,LB,29,12/5/2001,78,274,Mississippi; Georgia Tech,0
Patrick O'Connell,LB,29,12/31/1998,73,231,Montana,2
Pooh Paul Jr.,LB,29,11/4/2002,73,235,Mississippi,0
Seth Coleman,LB,29,12/7/2000,77,250,Illinois,0
Tyrice Knight,LB,29,12/20/1999,72,233,Texas-El Paso; Independence Comm. College,2
Uchenna Nwosu,LB,29,12/28/1996,74,265,USC,8
Wesley Steiner,LB,29,,,,,
Chris Stoll,LS,29,8/3/1998,74,255,Penn State,3
Abraham Lucas,OL,29,10/15/1998,78,322,Washington State,4
Amari Kight,OL,29,12/21/2000,79,318,UCF; Alabama,0
Anthony Bradford,OL,29,4/28/2001,76,335,LSU,3
Bryce Cabeldue,OL,29,9/4/2001,76,306,Kansas,0
Charles Cross,OL,29,11/25/2000,77,317,Mississippi State,4
Christian Haynes,OL,29,4/13/2000,75,318,Connecticut,2
Federico Maranges,OL,29,10/5/2001,75,302,Florida Atlantic,0
Grey Zabel,OL,29,3/30/2002,78,316,North Dakota State,0
Jalen Sundell,OL,29,10/18/1999,77,300,North Dakota State,2
Josh Jones,OL,29,6/22/1997,79,339,Houston,6
Mason Richman,OL,29,5/7/2002,77,307,Iowa,0
Olu Oluwatimi,OL,29,8/5/1999,75,309,Michigan; Virginia,3
Michael Dickson,P,29,1/4/1996,74,208,Texas,8
Drew Lock,QB,29,11/10/1996,76,228,Missouri,7
Jalen Milroe,QB,29,12/13/2002,74,216,Alabama,0
Sam Darnold,QB,29,6/5/1997,75,225,USC,8
Brady Russell,RB,29,8/31/1998,75,250,Colorado,3
George Holani,RB,29,12/16/1999,70,210,Boise State,2
Jacardia Wright,RB,29,9/26/2000,72,218,Missouri State; Kansas State,0
Kenneth Walker III,RB,29,10/20/2000,69,211,Michigan State; Wake Forest,4
Kenny McIntosh,RB,29,3/3/2000,72,211,Georgia,3
Robbie Ouzts,RB,29,9/6/2002,75,274,Alabama,0
Zach Charbonnet,RB,29,1/8/2001,73,214,UCLA; Michigan,3
AJ Barner,TE,29,5/3/2002,78,251,Michigan; Indiana,2
Brady Russell,TE,29,8/31/1998,75,250,Colorado,3
Elijah Arroyo,TE,29,4/5/2003,77,254,Miami,0
Eric Saubert,TE,29,5/9/1994,77,253,Drake,8
Nick Kallerup,TE,29,3/27/2001,77,266,Minnesota,0
Cody White,WR,29,11/28/1998,75,227,Michigan State,4
Cooper Kupp,WR,29,6/15/1993,74,205,Eastern Washington,9
Courtney Jackson,WR,29,3/13/2001,71,189,Arkansas State,0
Dareke Young,WR,29,6/4/1999,74,224,Lenoir Rhyne,4
Jake Bobo,WR,29,8/4/1998,76,207,UCLA; Duke,3
Jaxon Smith-Njigba,WR,29,2/14/2002,72,197,Ohio State,3
Montorie Foster Jr,WR,29,8/3/2001,72,185,Michigan State,0
Ricky White III,WR,29,2/6/2002,73,181,UNLV; Michigan State,0
Tory Horton,WR,29,11/29/2002,74,196,Colorado State; Nevada,0
Tyrone Broden,WR,29,2/26/2001,77,194,Arkansas; Bowling Green,0
Damarion Williams,DB,29,7/15/1998,70,183,Houston,3
Jerrick Reed II,DB,29,8/7/2000,69,196,New Mexico; Northwest Mississippi CC,3
Quandre Diggs,DB,29,1/22/1993,69,198,Texas,11
Chase Lucas,DB,28,3/4/1997,71,184,Arizona State,3
Darrell Luter Jr.,DB,28,4/24/2000,72,190,South Alabama,3
Deommodore Lenoir,DB,28,10/6/1999,70,200,Oregon,5
Derrick Canteen,DB,28,4/2/2001,70,193,Cincinnati; Virginia Tech,0
Eli Apple,DB,28,8/9/1995,73,203,Ohio State,10
Jakob Robinson,DB,28,10/4/2000,70,181,BYU; Utah State,0
Jason Pinnock,DB,28,6/30/1999,72,200,Pittsburgh,5
Ji'Ayir Brown,DB,28,1/25/2000,71,202,Penn State; Lackawanna JC,3
Malik Mustapha,DB,28,6/25/2002,70,206,Wake Forest,2
Marques Sigle,DB,28,7/18/2002,71,199,Kansas State; North Dakota State,0
Renardo Green,DB,28,11/9/2000,72,186,Florida State,2
Siran Neal,DB,28,8/4/1994,72,206,Jacksonville State,8
Tre Tomlinson,DB,28,1/10/2001,69,177,TCU,3
Upton Stout,DB,28,1/9/2002,69,182,Western Kentucky; North Texas,0
Alfred Collins,DL,28,10/8/2001,77,332,Texas,0
Bruce Hector,DL,28,10/7/1994,74,296,University of South Florida,4
Bryce Huff,DL,28,4/17/1998,75,255,Memphis,6
CJ West,DL,28,6/12/2002,73,316,Indiana; Kent State,0
Evan Anderson,DL,28,2/14/2002,75,326,Florida Atlantic,2
Jaylon Allen,DL,28,,,,,
Jordan Elliott,DL,28,11/23/1997,76,302,Missouri; Texas,6
Kalia Davis,DL,28,10/2/1998,74,310,UCF,4
Kevin Givens,DL,28,3/1/1997,73,285,Penn State,6
Mykel Williams,DL,28,6/29/2004,77,267,Georgia,0
Nick Bosa,DL,28,10/23/1997,76,266,Ohio State,7
Robert Beal Jr.,DL,28,8/18/1999,76,250,Georgia,3
Sam Okuayinonu,DL,28,5/1/1998,73,269,Maryland,3
Sebastian Valdez,DL,28,8/1/2002,75,301,Washington; Montana State,0
Shakel Brown,DL,28,12/4/1998,75,295,Troy; Itawamba JC,2
Will Bradley-King,DL,28,12/22/1997,76,265,Baylor,1
Yetur Gross-Matos,DL,28,2/26/1998,77,265,Penn State,6
Eddy Pineiro,K,28,9/13/1995,71,190,Florida,8
Bryce Huff,LB,28,4/17/1998,75,255,Memphis,6
Curtis Robinson,LB,28,6/2/1998,75,235,Stanford,4
Dee Winters,LB,28,10/17/2000,71,227,TCU,3
Eric Kendricks,LB,28,2/29/1992,72,232,UCLA,11
Fred Warner,LB,28,11/19/1996,75,230,BYU,8
Jalen Graham,LB,28,1/11/2001,75,220,Purdue,3
Luke Gifford,LB,28,8/28/1995,75,242,Nebraska,7
Milo Eifler,LB,28,2/13/1998,73,228,Illinois,2
Nick Martin,LB,28,10/13/2002,71,221,Oklahoma State,0
Stone Blanton,LB,28,9/12/2002,74,230,Mississippi State; South Carolina,0
Tarron Jackson,LB,28,6/22/1998,74,254,Coastal Carolina,3
Tatum Bethune,LB,28,2/19/2001,72,230,Florida State; UCF,2
Yetur Gross-Matos,LB,28,2/26/1998,77,265,Penn State,6
Jon Weeks,LS,28,2/17/1986,70,242,Baylor,16
Andre Dillard,OL,28,10/3/1995,77,315,Washington State,6
Austen Pleasants,OL,28,8/22/1997,79,330,Ohio,1
Ben Bartch,OL,28,7/22/1998,78,315,St. John's (MN),6
Colton McKivitz,OL,28,8/9/1996,78,301,West Virginia,6
Connor Colby,OL,28,1/16/2003,77,309,Iowa,0
Dominick Puni,OL,28,2/24/2000,77,313,Kansas; Central Missouri,2
Drake Nugent,OL,28,2/9/2001,73,300,Michigan; Stanford,1
Isaac Alarcon,OL,28,7/27/1998,79,320,,1
Isaiah Prince,OL,28,7/29/1997,79,305,Ohio State,5
Jake Brendel,OL,28,9/10/1992,76,299,UCLA,8
Matt Hennessy,OL,28,11/17/1997,75,315,Temple,6
Nick Zakelj,OL,28,6/22/1999,78,316,Fordham,4
Spencer Burford,OL,28,7/19/2000,76,300,Texas-San Antonio,4
Trent Williams,OL,28,7/19/1988,77,320,Oklahoma,16
Thomas Morstead,P,28,3/8/1986,76,225,SMU,17
Brock Purdy,QB,28,12/27/1999,73,220,Iowa State,4
Kurtis Rourke,QB,28,10/25/2000,76,221,Indiana,0
Mac Jones,QB,28,9/5/1998,75,220,Alabama,5
Tanner Mordecai,QB,28,11/8/1999,74,218,Wisconsin; SMU; Oklahoma,0
Brian Robinson,RB,28,3/22/1999,73,225,Alabama,2
Christian McCaffrey,RB,28,6/7/1996,71,210,Stanford,9
Isaac Guerendo,RB,28,6/28/2000,72,221,Louisville; Wisconsin,2
Jordan James,RB,28,3/29/2004,69,208,Oregon,0
Ke'Shawn Vaughn,RB,28,5/4/1997,70,214,Vanderbilt; Illinois,5
Kyle Juszczyk,RB,28,4/23/1991,74,235,Harvard,13
Patrick Taylor,RB,28,4/29/1998,73,217,Memphis,5
Brayden Willis,TE,28,11/11/1999,76,240,Oklahoma,3
George Kittle,TE,28,10/9/1993,76,250,Iowa,9
Jake Tonges,TE,28,7/8/1999,76,240,California,3
Luke Farrell,TE,28,10/14/1997,77,250,Ohio State,5
Brandon Aiyuk,WR,28,3/17/1998,72,200,Arizona State; Sierra JC,6
Demarcus Robinson,WR,28,9/21/1994,73,203,Florida,10
Jacob Cowing,WR,28,2/4/2001,69,170,Arizona; Texas-El Paso,2
Jauan Jennings,WR,28,7/10/1997,75,212,Tennessee,5
Jordan Watkins,WR,28,2/15/2002,71,196,Mississippi; Louisville,0
Junior Bergen,WR,28,10/23/2002,69,184,Montana,0
Malik Knowles,WR,28,8/17/2000,74,196,Kansas State,2
Malik Turner,WR,28,1/30/1996,74,202,Illinois,5
Ricky Pearsall,WR,28,9/9/2000,73,189,Florida; Arizona State,2
Russell Gage,WR,28,1/22/1996,72,184,LSU,7
Skyy Moore,WR,28,9/10/2000,70,195,Western Michigan,4
Terique Owens,WR,28,9/25/1999,75,200,Missouri State; Florida Atlantic,0
Trent Taylor,WR,28,4/30/1994,68,180,Louisiana Tech,7
Kyzir White,LB,28,3/24/1996,74,234,West Virginia; Lackawanna JC,8
Drew Moss,OL,28,5/21/2003,75,303,Colorado State; Lamar,0
Matt Gay,K,28,3/15/1994,72,232,Utah; Utah Valley,7
Robbie Chosen,WR,28,5/9/1993,75,185,Temple,9
Antoine Winfield Jr.,DB,30,8/16/1998,69,203,Minnesota,6
Benjamin Morrison,DB,30,3/11/2004,72,190,Notre Dame,0
Bryce Hall,DB,30,11/5/1997,73,202,Virginia,6
Christian Izien,DB,30,6/8/2000,70,200,Rutgers,3
JJ Roberts,DB,30,9/22/2001,72,195,Marshall,0
Jacob Parrish,DB,30,2/29/2004,70,198,Kansas State,0
Jamel Dean,DB,30,10/15/1996,73,206,Auburn; Ohio State,7
JayVian Farr,DB,30,,,,,
Josh Hayes,DB,30,4/24/1999,72,190,Kansas State; Virginia; North Dakota State,3
Kindle Vildor,DB,30,12/11/1997,71,189,Georgia Southern,6
Marcus Banks,DB,30,10/8/2000,72,190,Mississippi State; Alabama,1
Rashad Wisdom,DB,30,6/6/2001,69,210,Texas-San Antonio,1
Roman Parodie,DB,30,,,,,
Shilo Sanders,DB,30,,,,,
Tykee Smith,DB,30,2/18/2001,70,202,Georgia; West Virginia,2
Will Brooks,DB,30,,,,,
Zyon McCollum,DB,30,5/3/1999,74,199,Sam Houston State,4
Adam Gotsis,DL,30,9/23/1992,76,287,Georgia Tech,10
C.J. Brewer,DL,30,11/22/1997,74,290,Coastal Carolina,2
Calijah Kancey,DL,30,3/1/2001,72,280,Pittsburgh,3
Desmond Watson,DL,30,1/5/2003,78,449,Florida,0
Dvon J-Thomas,DL,30,,,,,
Elijah Roberts,DL,30,12/24/2001,76,295,SMU; Miami,0
Eric Banks,DL,30,1/30/1998,77,274,Texas-San Antonio,2
Greg Gaines,DL,30,5/6/1996,73,312,Washington,7
Jason Pierre-Paul,DL,30,1/1/1989,77,270,University of South Florida; Fort Scott CC; College of the Canyons,14
Jayson Jones,DL,30,10/29/2001,78,340,Auburn; Oregon,0
Logan Hall,DL,30,4/22/2000,78,283,Houston,4
Mike Greene,DL,30,5/3/1999,75,293,James Madison,2
Nash Hutmacher,DL,30,5/15/2001,76,310,Nebraska,0
Vita Vea,DL,30,2/5/1995,76,347,Washington,8
Warren Peeples,DL,30,,,,,
Chase McLaughlin,K,30,4/9/1996,72,190,Illinois,7
Anthony Nelson,LB,30,3/4/1997,79,271,Iowa,7
Antonio Grier,LB,30,1/18/2000,73,230,Arkansas; University of South Florida,0
Chris Braswell,LB,30,10/25/2001,75,255,Alabama,2
David Walker,LB,30,6/3/2000,72,260,Central Arkansas; Southern Arkansas,0
Deion Jones,LB,30,11/4/1994,73,222,LSU,9
Haason Reddick,LB,30,9/22/1994,73,240,Temple,9
John Bullock,LB,30,4/22/2001,72,230,Nebraska,0
Jose Ramirez,LB,30,5/9/1999,74,252,Eastern Michigan,1
Lavonte David,LB,30,1/23/1990,73,233,Nebraska; Fort Scott CC,14
Markees Watts,LB,30,12/7/1999,73,240,Charlotte,3
Mohamed Kamara,LB,30,6/9/2000,73,253,Colorado State,2
Nick Jackson,LB,30,1/5/2001,72,235,Iowa; Virginia,0
SirVocea Dennis,LB,30,3/9/2000,72,230,Pittsburgh,3
Yaya Diaby,LB,30,5/30/1999,75,270,Louisville,3
Evan Deckers,LS,30,2/23/1999,75,252,Duke,2
Ben Bredeson,OL,30,2/20/1998,77,315,Michigan,6
Ben Scott,OL,30,1/9/2001,77,310,Nebraska; Arizona State,0
Benjamin Chukwuma,OL,30,5/8/2001,78,310,Georgia State,0
Charlie Heck,OL,30,11/20/1996,80,311,North Carolina,6
Cody Mauch,OL,30,1/15/1999,78,303,North Dakota State,3
Elijah Klein,OL,30,4/8/2000,76,319,Texas-El Paso,2
Garret Greenfield,OL,30,9/20/1999,79,320,South Dakota State,0
Graham Barton,OL,30,6/1/2002,77,314,Duke,2
Luke Goedeke,OL,30,11/21/1998,77,312,Central Michigan,4
Luke Haggard,OL,30,1/3/2000,79,305,Indiana,1
Mike Jordan,OL,30,1/25/1998,78,312,Ohio State,6
Tristan Wirfs,OL,30,1/24/1999,77,320,Iowa,6
Tyler McLellan,OL,30,7/21/1999,80,355,Campbell University,2
Riley Dixon,P,30,8/24/1993,76,221,Syracuse,10
Baker Mayfield,QB,30,4/14/1995,73,215,Oklahoma; Texas Tech,8
Connor Bazelak,QB,30,9/22/2000,75,225,Bowling Green; Indiana; Missouri,0
Teddy Bridgewater,QB,30,11/10/1992,74,210,Louisville,11
Bucky Irving,RB,30,8/19/2002,70,194,Oregon; Minnesota,2
Jase McClellan,RB,30,6/25/2002,71,212,Alabama,0
Josh Williams,RB,30,6/9/2000,68,210,LSU,0
Owen Wright,RB,30,2/28/1999,69,217,Monmouth; William & Mary,2
Rachaad White,RB,30,1/12/1999,72,214,Arizona State; Mt. San Antonio; Kearney State,4
Sean Tucker,RB,30,10/25/2001,70,205,Syracuse,3
Cade Otton,TE,30,4/15/1999,77,247,Washington,4
Devin Culp,TE,30,2/2/2000,76,237,Washington,2
Ko Kieft,TE,30,1/20/1998,77,265,Minnesota,4
Payne Durham,TE,30,6/15/2000,77,255,Purdue,3
Tanner Taula,TE,30,12/6/1998,78,255,Illinois State,1
Chris Godwin Jr.,WR,30,2/27/1996,73,209,Penn State,9
Dennis Houston,WR,30,4/24/1999,73,190,Western Illinois,1
Emeka Egbuka,WR,30,10/14/2002,73,205,Ohio State,0
Garrett Greene,WR,30,10/12/2001,71,201,West Virginia,0
Jacob Harris,WR,30,4/16/1997,77,211,UCF; Western Kentucky,3
Jaden Smith,WR,30,12/13/2001,78,210,Nevada; Tarleton State; Montana State,0
Jalen McMillan,WR,30,12/7/2001,73,192,Washington,2
Kameron Johnson,WR,30,3/17/2002,70,170,Barton College,2
Mike Evans,WR,30,8/21/1993,77,231,Texas A&M,12
Sterling Shepard,WR,30,2/10/1993,70,194,Oklahoma,10
Tez Johnson,WR,30,5/18/2002,70,165,Oregon; Troy,0
Amani Hooker,DB,31,6/14/1998,71,210,Iowa,7
Darrell Baker Jr.,DB,31,3/27/1998,73,190,Georgia Southern,3
Davion Ross,DB,31,,,,,
Gabe Jeudy-Lally,DB,31,2/16/2001,73,189,Tennessee; BYU; Vanderbilt,0
Jalyn Armour-Davis,DB,31,9/3/1999,73,200,Alabama,4
Jermari Harris,DB,31,,,,,
Joshuah Bledsoe,DB,31,12/30/1998,71,207,Missouri,2
Kendell Brooks,DB,31,3/3/2000,72,206,Michigan State; North Greenville College,1
Kevin Winston Jr.,DB,31,12/2/2003,74,213,Penn State,0
L'Jarius Sneed,DB,31,1/21/1997,73,192,Louisiana Tech,6
Marcus Harris,DB,31,3/6/2001,71,188,California; Idaho; Oregon State,0
Mike Brown,DB,31,4/7/1999,73,218,Miami (Ohio),3
Xavier Woods,DB,31,7/26/1995,71,200,Louisiana Tech,9
C.J. Ravenell,DL,31,7/7/2000,77,300,Missouri Western,1
Cam Horsley,DL,31,2/6/2002,75,312,Boston College,0
Carlos Watkins,DL,31,12/5/1993,75,305,Clemson,9
David Agoha,DL,31,5/18/2001,76,252,,1
Desmond Evans,DL,31,,,,,
Isaiah Raikes,DL,31,5/15/2001,73,323,Auburn; Texas A&M,0
James Lynch,DL,31,1/20/1999,76,295,Baylor,6
Jeffery Simmons,DL,31,7/28/1997,76,305,Mississippi State,7
Joe Gaziano,DL,31,9/27/1996,76,280,Northwestern,4
Josiah Bronson,DL,31,7/3/1997,75,295,Washington,2
Sebastian Joseph-Day,DL,31,3/21/1995,76,310,Rutgers,7
T'Vondre Sweat,DL,31,7/11/2001,76,366,Texas,2
T.J. Smith,DL,31,4/19/1997,75,300,Arkansas,1
Timmy Horne,DL,31,10/25/1997,76,323,Kansas State,4
Joey Slye,K,31,4/10/1996,71,213,Virginia Tech,7
Ali Gaye,LB,31,11/29/1997,78,265,LSU; Garden City CC; Arizona Western,2
Amari Burney,LB,31,6/19/2000,74,228,Florida,2
Anfernee Orji,LB,31,10/6/2000,74,230,Vanderbilt,2
Arden Key,LB,31,5/3/1996,77,240,LSU,8
Blake Lynch,LB,31,2/14/1997,75,225,Baylor,3
Cedric Gray,LB,31,10/30/2002,74,235,North Carolina,2
Cody Barton,LB,31,11/13/1996,74,237,Utah,7
Dorian Mausi,LB,31,3/5/2002,73,234,Auburn; Duke,0
James Williams,LB,31,2/15/2003,76,232,Miami,2
Jaylen Harrell,LB,31,5/1/2002,76,247,Michigan,2
Jihad Ward,LB,31,5/11/1994,77,285,Illinois; Globe Institute,10
Lorenzo Carter,LB,31,12/10/1995,77,264,Georgia,7
Nate Lynn,LB,31,7/6/2002,75,252,William & Mary,2
Oluwafemi Oladejo,LB,31,9/29/2003,75,259,UCLA; California,0
Morgan Cox,LS,31,4/26/1986,76,233,Tennessee,16
Arlington Hambright,OL,31,1/30/1996,77,300,Colorado,3
Blake Hance,OL,31,1/11/1996,77,310,Northwestern,5
Brandon Crenshaw-Dickson,OL,31,2/22/2001,79,316,Florida; San Diego State,0
Chandler Brewer,OL,31,6/21/1997,78,320,Middle Tennessee State,4
Clay Webb,OL,31,3/28/2000,75,290,Jacksonville State; Georgia,0
Corey Levin,OL,31,8/12/1994,76,307,Tennessee-Chattanooga,7
Dan Moore Jr.,OL,31,9/28/1998,77,315,Texas A&M,5
JC Latham,OL,31,2/8/2003,78,342,Alabama,2
Jackson Slater,OL,31,5/30/2003,75,311,Sacramento State,0
Jaelyn Duncan,OL,31,7/8/2000,78,306,Maryland,2
John Ojukwu,OL,31,1/9/1999,77,309,Boise State,2
Kevin Zeitler,OL,31,3/8/1990,76,332,Wisconsin,14
Lloyd Cushenberry III,OL,31,11/22/1997,76,315,LSU,6
Olisaemeka Udoh,OL,31,2/14/1997,78,320,Elon,7
Peter Skoronski,OL,31,7/31/2001,76,313,Northwestern,3
Johnny Hekker,P,31,2/8/1990,77,225,Oregon State,14
Brandon Allen,QB,31,9/5/1992,74,209,Arkansas,9
Cam Ward,QB,31,5/25/2002,74,219,Miami; Washington State; Incarnate Word,0
Trevor Siemian,QB,31,12/26/1991,75,220,Northwestern,9
Will Levis,QB,31,6/27/1999,76,229,Kentucky; Penn State,3
Jordan Mims,RB,31,6/16/1999,72,205,Fresno State,2
Julius Chestnut,RB,31,10/26/2000,71,228,Sacred Heart University,4
Kalel Mullings,RB,31,10/4/2002,74,226,Michigan,0
Tony Pollard,RB,31,4/30/1997,72,209,Memphis,7
Tyjae Spears,RB,31,6/15/2001,71,195,Tulane,3
Chig Okonkwo,TE,31,9/8/1999,75,238,Maryland,4
David Martin-Robinson,TE,31,12/26/1999,75,247,Temple,2
Gunnar Helm,TE,31,9/6/2002,77,241,Texas,0
Bryce Oliver,WR,31,5/19/2000,73,214,Youngstown State; Kentucky,2
Calvin Ridley,WR,31,12/20/1994,73,190,Alabama,7
Chimere Dike,WR,31,12/14/2001,73,196,Florida; Wisconsin,0
Elic Ayomanor,WR,31,6/3/2003,74,206,Stanford,0
James Proche,WR,31,9/20/1996,71,193,SMU,7
Mason Kinsey,WR,31,8/29/1998,71,200,Berry College,3
Matt Landers,WR,31,6/16/1999,76,200,Arkansas; Georgia; Toledo,1
T.J. Sheffield,WR,31,,,,,
Van Jefferson,WR,31,7/26/1996,73,200,Florida; Mississippi,6
Xavier Restrepo,WR,31,4/12/2002,70,202,Miami,0
Shy Tuttle,DL,31,10/20/1995,75,300,Tennessee,7
Cole Turner,TE,31,3/16/2000,78,240,Nevada,3
Treylon Burks,WR,31,3/23/2000,74,225,Arkansas,4
Antonio Hamilton,DB,32,1/24/1993,72,188,South Carolina State,10
Bobby Price,DB,32,4/25/1998,75,208,Norfolk State,5
Car'lin Vigers,DB,32,8/16/2000,74,200,Louisiana-Monroe; Independence Comm. College,0
Darius Rush,DB,32,2/22/2000,74,198,South Carolina,2
Daryl Worley,DB,32,2/22/1995,73,210,West Virginia,10
Essang Bassey,DB,32,9/12/1998,70,190,Wake Forest,4
Jeremy Reaves,DB,32,8/29/1996,71,200,South Alabama,6
Jonathan Jones,DB,32,9/20/1993,70,185,Auburn,10
Kevon Seymour,DB,32,11/30/1993,72,188,USC,7
Marshon Lattimore,DB,32,5/20/1996,72,192,Ohio State,9
Mike Sainristil,DB,32,10/3/2000,70,182,Michigan,2
Noah Igbinoghene,DB,32,11/27/1999,71,197,Auburn,6
Percy Butler,DB,32,5/5/2000,72,191,Louisiana-Lafayette,4
Quan Martin,DB,32,4/17/2000,72,195,Illinois,3
Robert McDaniel,DB,32,10/18/2000,74,207,Jackson State University; Alcorn State,0
Trey Amos,DB,32,3/3/2002,73,190,Mississippi; Alabama; Louisiana,0
Tyler Owens,DB,32,5/12/2001,74,213,Texas Tech; Texas,2
Will Harris,DB,32,12/19/1995,73,207,Boston College,7
Carl Davis,DL,32,3/2/1992,77,332,Iowa,9
Daron Payne,DL,32,5/27/1997,75,320,Alabama,8
DeMarcus Walker,DL,32,9/30/1994,76,280,Florida State,9
Deatrich Wise,DL,32,7/26/1994,77,280,Arkansas,9
Dorance Armstrong,DL,32,6/10/1997,76,255,Kansas,8
Drake Jackson,DL,32,4/12/2001,76,273,USC,3
Eddie Goldman,DL,32,1/6/1994,75,320,Florida State,8
Jacob Martin,DL,32,12/11/1995,74,242,Temple,8
Jalyn Holmes,DL,32,1/25/1996,77,283,Ohio State,6
Javon Kinlaw,DL,32,10/3/1997,77,319,South Carolina; Jones County JC,6
Javontae Jean-Baptiste,DL,32,5/16/2000,76,260,Notre Dame; Ohio State,2
Jer'Zhan Newton,DL,32,8/31/2002,74,295,Illinois,2
Norell Pollard,DL,32,2/18/2000,72,260,Virginia Tech,0
Preston Smith,DL,32,11/17/1992,77,265,Mississippi State,11
Ricky Barber,DL,32,1/31/2001,75,295,UCF; Western Kentucky,0
Sheldon Day,DL,32,7/1/1994,73,294,Notre Dame,9
T.J. Maguranyanga,DL,32,12/22/2002,76,222,,0
Ale Kaho,LB,32,4/7/2000,74,230,UCLA; Alabama,0
Bobby Wagner,LB,32,6/27/1990,72,242,Utah State,14
Duke Riley,LB,32,8/9/1994,73,227,LSU,8
Frankie Luvu,LB,32,9/19/1996,75,236,Washington State,8
Jordan Magee,LB,32,3/24/2001,75,226,Temple,2
Kain Medrano,LB,32,2/16/2001,75,230,UCLA,0
Nick Bellore,LB,32,5/12/1989,73,250,Central Michigan,15
Von Miller,LB,32,3/26/1989,75,250,Texas A&M,15
Tyler Ott,LS,32,2/28/1992,75,253,Harvard,11
Andrew Wylie,OL,32,8/19/1994,77,304,Eastern Michigan,8
Brandon Coleman,OL,32,10/12/2000,78,320,TCU; Trinity Valley CC,2
Chris Paul,OL,32,11/19/1998,76,324,Tulsa,4
George Fant,OL,32,7/19/1992,77,296,Western Kentucky,10
Josh Conerly Jr.,OL,32,11/5/2003,76,315,Oregon,0
Julian Good-Jones,OL,32,3/2/1997,77,313,Iowa State,2
Laremy Tunsil,OL,32,8/2/1994,77,313,Mississippi,10
Lucas Niang,OL,32,8/19/1998,78,315,TCU,4
Malaesala Aumavae-Laulu,OL,32,5/25/1999,77,344,Oregon; Navarro,3
Nate Herbig,OL,32,7/10/1998,76,334,Stanford,6
Nick Allegretti,OL,32,4/21/1996,76,310,Illinois,7
Nick Harris,OL,32,11/13/1998,73,293,Washington,5
Sam Cosmi,OL,32,2/16/1999,78,309,Texas,5
Timothy McKay,OL,32,1/15/2002,76,312,North Carolina,0
Trent Scott,OL,32,1/25/1994,77,320,Grambling State,8
Tyler Biadasz,OL,32,11/20/1997,75,316,Wisconsin,6
Tress Way,P,32,4/18/1990,73,220,Oklahoma,12
Jayden Daniels,QB,32,12/18/2000,76,210,LSU; Arizona State,2
Josh Johnson,QB,32,5/15/1986,75,214,San Diego,11
Marcus Mariota,QB,32,10/30/1993,76,222,Oregon,11
Sam Hartman,QB,32,7/29/1999,73,209,Notre Dame; Wake Forest,1
Austin Ekeler,RB,32,5/17/1995,70,200,Western State,9
Chase Edmonds,RB,32,4/13/1996,69,201,Fordham,8
Chris Rodriguez Jr.,RB,32,9/26/1999,71,224,Kentucky,3
Colson Yankoff,RB,32,3/1/2000,76,225,UCLA; Washington,2
Demetric Felton,RB,32,7/16/1998,69,190,UCLA,3
Jacory Croskey-Merritt,RB,32,4/12/2001,71,208,Arizona; New Mexico; Alabama State,0
Jeremy McNichols,RB,32,12/26/1995,69,205,Boise State,5
Kazmeir Allen,RB,32,2/29/2000,68,176,UCLA,1
Ben Sinnott,TE,32,6/14/2002,76,245,Kansas State,2
Colson Yankoff,TE,32,3/1/2000,76,225,UCLA; Washington,2
John Bates,TE,32,11/6/1997,78,256,Boise State,5
Lawrence Cager,TE,32,8/20/1997,77,220,Georgia; Miami,4
Tyree Jackson,TE,32,11/7/1997,79,249,Buffalo,3
Zach Ertz,TE,32,11/10/1990,77,250,Stanford,13
Braylon Sanders,WR,32,1/21/1999,73,190,Mississippi,1
Chris Moore,WR,32,6/16/1993,73,200,Cincinnati,9
Deebo Samuel Sr.,WR,32,1/15/1996,72,215,South Carolina,7
Ja'Corey Brooks,WR,32,10/31/2001,75,195,Louisville,0
Jacoby Jones,WR,32,7/18/2001,75,228,UCF; Ohio,0
Jaylin Lane,WR,32,5/1/2002,70,196,Virginia Tech; Middle Tennessee State,0
Luke McCaffrey,WR,32,4/2/2001,74,195,Rice; Nebraska,2
Michael Gallup,WR,32,3/4/1996,73,198,Colorado State; Butler County JC,6
Noah Brown,WR,32,1/6/1996,74,225,Ohio State,9
River Cracraft,WR,32,11/1/1994,72,198,Washington State,7
Tay Martin,WR,32,12/14/1997,75,186,Oklahoma State,1
Terry McLaurin,WR,32,9/15/1995,72,210,Ohio State,7
